unique_agent_id,canonical_id,record_id,agent_full_name,agent_mls_id,agent_state_license,agent_preferred_phone,agent_email,office_name,state,mls_source,true_agent_id,test_case,norm_phone,norm_license,norm_name,norm_email,norm_office,first_name,last_name,email_username,email_domain,null_count,records_merged
AGT00000,REC00000,REC00000,Thomas Brown,MLS246316,NC-39256,+19594815012,thomas.brown@yahoo.com,Brown Realty,NC,CRMLS_NC,a5eaf10f,TC1_name_variation,9594815012.0,39256.0,thomas brown,thomas.brown@yahoo.com,brown,thomas,brown,thomas.brown,yahoo.com,0,1
AGT00001,REC00001,REC00001,Tom Brown,MLS719176,NC-039256,959-481-5012,tbrown@gmail.com,Brown Realty,NC,NWMLS_NC,a5eaf10f,TC1_name_variation,9594815012.0,39256.0,tom brown,tbrown@gmail.com,brown,tom,brown,tbrown,gmail.com,0,1
AGT00002,REC00002,REC00002,Tommy Brown,MLS198246,NC39256,(959) 481-5012,tommyb@gmail.com,Brown Realty,NC,FLEX_NC,a5eaf10f,TC1_name_variation,9594815012.0,39256.0,tommy brown,tommyb@gmail.com,brown,tommy,brown,tommyb,gmail.com,0,1
AGT00003,REC00003,REC00003,T. Brown,MLS688508,NC39256,+19594815012,t_brown@remax.com,Brown Realty,NC,CRMLS_NC,a5eaf10f,TC1_name_variation,9594815012.0,39256.0,t brown,t_brown@remax.com,brown,t,brown,t_brown,remax.com,0,1
AGT00004,REC00005,REC00005,Rob Davis,MLS263032,FL30926,803.484.1106,rdavis@yahoo.com,Davis Realty,FL,MIAMI_FL,06093853,TC1_name_variation,8034841106.0,30926.0,rob davis,rdavis@yahoo.com,davis,rob,davis,rdavis,yahoo.com,0,2
AGT00005,REC00007,REC00007,Bobby Davis,MLS988662,30926,+18034841106,bobby_davis@kw.com,Davis Realty,FL,MFRMLS_FL,06093853,TC1_name_variation,8034841106.0,30926.0,bobby davis,bobby_davis@kw.com,davis,bobby,davis,bobby_davis,kw.com,0,2
AGT00006,REC00008,REC00008,Elizabeth Smith,MLS678856,20328,+17493277201,elizabeth.smith@cbunited.com,Smith Realty,FL,MFRMLS_FL,1505862c,TC1_name_variation,7493277201.0,20328.0,elizabeth smith,elizabeth.smith@cbunited.com,smith,elizabeth,smith,elizabeth.smith,cbunited.com,0,1
AGT00007,REC00009,REC00009,Liz Smith,MLS705397,FL20328,749-327-7201,lsmith@gmail.com,Smith Realty,FL,MIAMI_FL,1505862c,TC1_name_variation,7493277201.0,20328.0,liz smith,lsmith@gmail.com,smith,liz,smith,lsmith,gmail.com,0,1
AGT00008,REC00010,REC00010,Beth Smith,MLS793384,FL20328,749.327.7201,beths@yahoo.com,Smith Realty,FL,BRIGHT_FL,1505862c,TC1_name_variation,7493277201.0,20328.0,beth smith,beths@yahoo.com,smith,beth,smith,beths,yahoo.com,0,1
AGT00009,REC00011,REC00011,Eliza Smith,MLS996865,FL20328,749-327-7201,eliza_smith@remax.com,Smith Realty,FL,MFRMLS_FL,1505862c,TC1_name_variation,7493277201.0,20328.0,eliza smith,eliza_smith@remax.com,smith,eliza,smith,eliza_smith,remax.com,0,1
AGT00010,REC00012,REC00012,William Wilson,MLS472528,FL58520,850.573.3664,william.wilson@yahoo.com,Wilson Realty,FL,MFRMLS_FL,7efcda5f,TC1_name_variation,8505733664.0,58520.0,william wilson,william.wilson@yahoo.com,wilson,william,wilson,william.wilson,yahoo.com,0,1
AGT00011,REC00013,REC00013,Will Wilson,MLS738720,FL58520,+18505733664,wwilson@realty.com,Wilson Realty,FL,MIAMI_FL,7efcda5f,TC1_name_variation,8505733664.0,58520.0,will wilson,wwilson@realty.com,wilson,will,wilson,wwilson,realty.com,0,1
AGT00012,REC00014,REC00014,Bill Wilson,MLS271339,FL-058520,8505733664,billw@kw.com,Wilson Realty,FL,BRIGHT_FL,7efcda5f,TC1_name_variation,8505733664.0,58520.0,bill wilson,billw@kw.com,wilson,bill,wilson,billw,kw.com,0,1
AGT00013,REC00015,REC00015,Billy Wilson,MLS771088,LIC-FL-58520,(850) 573-3664,billy_wilson@cbunited.com,Wilson Realty,FL,MFRMLS_FL,7efcda5f,TC1_name_variation,8505733664.0,58520.0,billy wilson,billy_wilson@cbunited.com,wilson,billy,wilson,billy_wilson,cbunited.com,0,1
AGT00014,REC00016,REC00016,Jennifer Smith,MLS169403,CA45093,+12325237572,jennifer.smith@cbunited.com,Smith Realty,CA,CRMLS_CA,3f5b2c93,TC1_name_variation,2325237572.0,45093.0,jennifer smith,jennifer.smith@cbunited.com,smith,jennifer,smith,jennifer.smith,cbunited.com,0,1
AGT00015,REC00017,REC00017,Jen Smith,MLS322955,CA-045093,2325237572,jsmith@coldwellbanker.com,Smith Realty,CA,NWMLS_CA,3f5b2c93,TC1_name_variation,2325237572.0,45093.0,jen smith,jsmith@coldwellbanker.com,smith,jen,smith,jsmith,coldwellbanker.com,0,1
AGT00016,REC00018,REC00018,Jenny Smith,MLS249811,45093,(232) 523-7572,jennys@realty.com,Smith Realty,CA,MATRIX_CA,3f5b2c93,TC1_name_variation,2325237572.0,45093.0,jenny smith,jennys@realty.com,smith,jenny,smith,jennys,realty.com,0,1
AGT00017,REC00019,REC00019,J. Smith,MLS881177,LIC-CA-45093,+12325237572,j_smith@kw.com,Smith Realty,CA,CRMLS_CA,3f5b2c93,TC1_name_variation,2325237572.0,45093.0,j smith,j_smith@kw.com,smith,j,smith,j_smith,kw.com,0,1
AGT00018,REC00020,REC00020,Michael Allen,MLS245051,LIC-FL-38746,7976086930,michael.allen@yahoo.com,Allen Realty,FL,MFRMLS_FL,320a2e9c,TC1_name_variation,7976086930.0,38746.0,michael allen,michael.allen@yahoo.com,allen,michael,allen,michael.allen,yahoo.com,0,1
AGT00019,REC00021,REC00021,Mike Allen,MLS892495,FL-38746,797-608-6930,mallen@outlook.com,Allen Realty,FL,MIAMI_FL,320a2e9c,TC1_name_variation,7976086930.0,38746.0,mike allen,mallen@outlook.com,allen,mike,allen,mallen,outlook.com,0,1
AGT00020,REC00022,REC00022,Mick Allen,MLS757924,FL38746,7976086930,micka@yahoo.com,Allen Realty,FL,BRIGHT_FL,320a2e9c,TC1_name_variation,7976086930.0,38746.0,mick allen,micka@yahoo.com,allen,mick,allen,micka,yahoo.com,0,1
AGT00021,REC00023,REC00023,M. Allen,MLS503457,FL-038746,+17976086930,m_allen@coldwellbanker.com,Allen Realty,FL,MFRMLS_FL,320a2e9c,TC1_name_variation,7976086930.0,38746.0,m allen,m_allen@coldwellbanker.com,allen,m,allen,m_allen,coldwellbanker.com,0,1
AGT00022,REC00024,REC00024,Patricia Thompson,MLS663054,99353,766.211.2876,patricia.thompson@yahoo.com,Thompson Realty,TX,NTREIS_TX,9cb8e085,TC1_name_variation,7662112876.0,99353.0,patricia thompson,patricia.thompson@yahoo.com,thompson,patricia,thompson,patricia.thompson,yahoo.com,0,1
AGT00023,REC00025,REC00025,Pat Thompson,MLS407757,TX-099353,(766) 211-2876,pthompson@coldwellbanker.com,Thompson Realty,TX,SABOR_TX,9cb8e085,TC1_name_variation,7662112876.0,99353.0,pat thompson,pthompson@coldwellbanker.com,thompson,pat,thompson,pthompson,coldwellbanker.com,0,1
AGT00024,REC00026,REC00026,Patty Thompson,MLS103402,99353,+17662112876,pattyt@outlook.com,Thompson Realty,TX,HAR_TX,9cb8e085,TC1_name_variation,7662112876.0,99353.0,patty thompson,pattyt@outlook.com,thompson,patty,thompson,pattyt,outlook.com,0,1
AGT00025,REC00027,REC00027,Tricia Thompson,MLS632342,TX-99353,766.211.2876,tricia_thompson@realty.com,Thompson Realty,TX,NTREIS_TX,9cb8e085,TC1_name_variation,7662112876.0,99353.0,tricia thompson,tricia_thompson@realty.com,thompson,tricia,thompson,tricia_thompson,realty.com,0,1
AGT00026,REC00028,REC00028,James Jones,MLS100599,LIC-TX-79514,980.365.9837,james.jones@coldwellbanker.com,Jones Realty,TX,NTREIS_TX,93f3392b,TC1_name_variation,9803659837.0,79514.0,james jones,james.jones@coldwellbanker.com,jones,james,jones,james.jones,coldwellbanker.com,0,1
AGT00027,REC00029,REC00029,Jim Jones,MLS120422,TX-79514,980.365.9837,jjones@kw.com,Jones Realty,TX,SABOR_TX,93f3392b,TC1_name_variation,9803659837.0,79514.0,jim jones,jjones@kw.com,jones,jim,jones,jjones,kw.com,0,1
AGT00028,REC00030,REC00030,Jimmy Jones,MLS351083,TX-79514,(980) 365-9837,jimmyj@yahoo.com,Jones Realty,TX,HAR_TX,93f3392b,TC1_name_variation,9803659837.0,79514.0,jimmy jones,jimmyj@yahoo.com,jones,jimmy,jones,jimmyj,yahoo.com,0,1
AGT00029,REC00031,REC00031,J. Jones,MLS189814,TX-079514,980-365-9837,j_jones@outlook.com,Jones Realty,TX,NTREIS_TX,93f3392b,TC1_name_variation,9803659837.0,79514.0,j jones,j_jones@outlook.com,jones,j,jones,j_jones,outlook.com,0,1
AGT00030,REC00032,REC00032,Linda Jones,MLS736059,FL-079163,(762) 369-5342,linda.jones@realty.com,Jones Realty,FL,MFRMLS_FL,c05b71f2,TC1_name_variation,7623695342.0,79163.0,linda jones,linda.jones@realty.com,jones,linda,jones,linda.jones,realty.com,0,1
AGT00031,REC00034,REC00033,Lin Jones,MLS847581,79163,7623695342,ljones@cbunited.com,Jones Realty,FL,MIAMI_FL,c05b71f2,TC1_name_variation,7623695342.0,79163.0,lin jones,ljones@cbunited.com,jones,lin,jones,ljones,cbunited.com,0,3
AGT00032,REC00036,REC00036,Barbara Johnson,MLS174441,NY-10942,(767) 435-4608,barbara.johnson@yahoo.com,Johnson Realty,NY,REBNY_NY,9f3737b4,TC1_name_variation,7674354608.0,10942.0,barbara johnson,barbara.johnson@yahoo.com,johnson,barbara,johnson,barbara.johnson,yahoo.com,0,1
AGT00033,REC00037,REC00037,Barb Johnson,MLS132938,10942,767-435-4608,bjohnson@realty.com,Johnson Realty,NY,MLSLI_NY,9f3737b4,TC1_name_variation,7674354608.0,10942.0,barb johnson,bjohnson@realty.com,johnson,barb,johnson,bjohnson,realty.com,0,1
AGT00034,REC00038,REC00038,Babs Johnson,MLS392004,NY-010942,(767) 435-4608,babsj@outlook.com,Johnson Realty,NY,NYSMLS_NY,9f3737b4,TC1_name_variation,7674354608.0,10942.0,babs johnson,babsj@outlook.com,johnson,babs,johnson,babsj,outlook.com,0,1
AGT00035,REC00039,REC00039,B. Johnson,MLS858490,LIC-NY-10942,+17674354608,b_johnson@coldwellbanker.com,Johnson Realty,NY,REBNY_NY,9f3737b4,TC1_name_variation,7674354608.0,10942.0,b johnson,b_johnson@coldwellbanker.com,johnson,b,johnson,b_johnson,coldwellbanker.com,0,1
AGT00036,REC00040,REC00040,William Martin,MLS864491,TX-22704,616-394-2545,william.martin@gmail.com,Martin Properties,TX,SABOR_TX,354453fa,TC2_multi_state,6163942545.0,22704.0,william martin,william.martin@gmail.com,martin properties,william,martin,william.martin,gmail.com,0,1
AGT00037,REC00041,REC00041,William Martin,MLS863587,22704,616-394-2545,william.martin@realty.com,Martin Properties,FL,MIAMI_FL,354453fa,TC2_multi_state,6163942545.0,22704.0,william martin,william.martin@realty.com,martin properties,william,martin,william.martin,realty.com,0,1
AGT00038,REC00042,REC00042,William Martin,MLS299448,LIC-CA-22704,6163942545,william.martin@outlook.com,Martin Properties,CA,CRMLS_CA,354453fa,TC2_multi_state,6163942545.0,22704.0,william martin,william.martin@outlook.com,martin properties,william,martin,william.martin,outlook.com,0,1
AGT00039,REC00043,REC00043,Patricia Garcia,MLS890170,NC19880,(485) 673-5092,patricia.garcia@remax.com,Garcia Properties,NC,CRMLS_NC,5ec5dc25,TC2_multi_state,4856735092.0,19880.0,patricia garcia,patricia.garcia@remax.com,garcia properties,patricia,garcia,patricia.garcia,remax.com,0,1
AGT00040,REC00044,REC00044,Patricia Garcia,MLS604740,NY19880,4856735092,patricia.garcia@gmail.com,Garcia Properties,NY,MLSLI_NY,5ec5dc25,TC2_multi_state,4856735092.0,19880.0,patricia garcia,patricia.garcia@gmail.com,garcia properties,patricia,garcia,patricia.garcia,gmail.com,0,1
AGT00041,REC00045,REC00045,Elizabeth Jackson,MLS411120,NY69638,202-599-5345,elizabeth.jackson@gmail.com,Jackson Properties,NY,REBNY_NY,18ed0618,TC2_multi_state,2025995345.0,69638.0,elizabeth jackson,elizabeth.jackson@gmail.com,jackson properties,elizabeth,jackson,elizabeth.jackson,gmail.com,0,1
AGT00042,REC00046,REC00046,Elizabeth Jackson,MLS428838,FL-69638,202-599-5345,elizabeth.jackson@coldwellbanker.com,Jackson Properties,FL,BRIGHT_FL,18ed0618,TC2_multi_state,2025995345.0,69638.0,elizabeth jackson,elizabeth.jackson@coldwellbanker.com,jackson properties,elizabeth,jackson,elizabeth.jackson,coldwellbanker.com,0,1
AGT00043,REC00047,REC00047,Elizabeth Jackson,MLS994141,LIC-NC-69638,(202) 599-5345,elizabeth.jackson@gmail.com,Jackson Properties,NC,FLEX_NC,18ed0618,TC2_multi_state,2025995345.0,69638.0,elizabeth jackson,elizabeth.jackson@gmail.com,jackson properties,elizabeth,jackson,elizabeth.jackson,gmail.com,0,1
AGT00044,REC00048,REC00048,Linda Williams,MLS141672,LIC-NC-98501,390-270-2113,linda.williams@remax.com,Williams Properties,NC,FLEX_NC,147086bd,TC2_multi_state,3902702113.0,98501.0,linda williams,linda.williams@remax.com,williams properties,linda,williams,linda.williams,remax.com,0,1
AGT00045,REC00049,REC00049,Linda Williams,MLS712024,LIC-CA-98501,+13902702113,linda.williams@cbunited.com,Williams Properties,CA,MATRIX_CA,147086bd,TC2_multi_state,3902702113.0,98501.0,linda williams,linda.williams@cbunited.com,williams properties,linda,williams,linda.williams,cbunited.com,0,1
AGT00046,REC00050,REC00050,Linda Williams,MLS314181,98501,(390) 270-2113,linda.williams@kw.com,Williams Properties,TX,SABOR_TX,147086bd,TC2_multi_state,3902702113.0,98501.0,linda williams,linda.williams@kw.com,williams properties,linda,williams,linda.williams,kw.com,0,1
AGT00047,REC00051,REC00051,Patricia Jones,MLS690341,NC-69929,887-860-5915,patricia.jones@realty.com,Jones Properties,NC,FLEX_NC,9da901bf,TC2_multi_state,8878605915.0,69929.0,patricia jones,patricia.jones@realty.com,jones properties,patricia,jones,patricia.jones,realty.com,0,1
AGT00048,REC00052,REC00052,Patricia Jones,MLS378082,FL69929,887.860.5915,patricia.jones@yahoo.com,Jones Properties,FL,BRIGHT_FL,9da901bf,TC2_multi_state,8878605915.0,69929.0,patricia jones,patricia.jones@yahoo.com,jones properties,patricia,jones,patricia.jones,yahoo.com,0,1
AGT00049,REC00053,REC00053,William Thomas,MLS413921,NY-81200,(491) 361-8179,william.thomas@kw.com,Thomas Properties,NY,NYSMLS_NY,481d439d,TC2_multi_state,4913618179.0,81200.0,william thomas,william.thomas@kw.com,thomas properties,william,thomas,william.thomas,kw.com,0,1
AGT00050,REC00054,REC00054,William Thomas,MLS212235,LIC-NC-81200,(491) 361-8179,william.thomas@kw.com,Thomas Properties,NC,CRMLS_NC,481d439d,TC2_multi_state,4913618179.0,81200.0,william thomas,william.thomas@kw.com,thomas properties,william,thomas,william.thomas,kw.com,0,1
AGT00051,REC00055,REC00055,William Thomas,MLS734210,TX81200,491.361.8179,william.thomas@realty.com,Thomas Properties,TX,SABOR_TX,481d439d,TC2_multi_state,4913618179.0,81200.0,william thomas,william.thomas@realty.com,thomas properties,william,thomas,william.thomas,realty.com,0,1
AGT00052,REC00057,REC00057,Jennifer Thompson,MLS563298,LIC-NC-22097,7004571832,jennifer.thompson@gmail.com,Thompson Properties,NC,FLEX_NC,890a2409,TC2_multi_state,7004571832.0,22097.0,jennifer thompson,jennifer.thompson@gmail.com,thompson properties,jennifer,thompson,jennifer.thompson,gmail.com,0,1
AGT00053,REC00058,REC00056,Jennifer Thompson,MLS908577,TX22097,700.457.1832,jennifer.thompson@outlook.com,Thompson Properties,TX,SABOR_TX,890a2409,TC2_multi_state,7004571832.0,22097.0,jennifer thompson,jennifer.thompson@outlook.com,thompson properties,jennifer,thompson,jennifer.thompson,outlook.com,0,2
AGT00054,REC00059,REC00059,Michael Allen,MLS815198,TX26704,765-351-8041,michael.allen@cbunited.com,Allen Properties,TX,NTREIS_TX,dc1dfd2b,TC2_multi_state,7653518041.0,26704.0,michael allen,michael.allen@cbunited.com,allen properties,michael,allen,michael.allen,cbunited.com,0,1
AGT00055,REC00060,REC00060,Michael Allen,MLS526117,LIC-NC-26704,(765) 351-8041,michael.allen@realty.com,Allen Properties,NC,FLEX_NC,dc1dfd2b,TC2_multi_state,7653518041.0,26704.0,michael allen,michael.allen@realty.com,allen properties,michael,allen,michael.allen,realty.com,0,1
AGT00056,REC00061,REC00061,Michael Allen,MLS938742,CA26704,7653518041,michael.allen@gmail.com,Allen Properties,CA,CRMLS_CA,dc1dfd2b,TC2_multi_state,7653518041.0,26704.0,michael allen,michael.allen@gmail.com,allen properties,michael,allen,michael.allen,gmail.com,0,1
AGT00057,REC00062,REC00062,Elizabeth Anderson,MLS333238,FL44970,6218855065,elizabeth.anderson@cbunited.com,Anderson Properties,FL,MIAMI_FL,9167a920,TC2_multi_state,6218855065.0,44970.0,elizabeth anderson,elizabeth.anderson@cbunited.com,anderson properties,elizabeth,anderson,elizabeth.anderson,cbunited.com,0,1
AGT00058,REC00063,REC00063,Elizabeth Anderson,MLS960394,NC44970,(621) 885-5065,elizabeth.anderson@gmail.com,Anderson Properties,NC,NWMLS_NC,9167a920,TC2_multi_state,6218855065.0,44970.0,elizabeth anderson,elizabeth.anderson@gmail.com,anderson properties,elizabeth,anderson,elizabeth.anderson,gmail.com,0,1
AGT00059,REC00064,REC00064,William Jackson,MLS373903,NY46585,+15364852137,william.jackson@kw.com,Jackson Properties,NY,REBNY_NY,427e77e7,TC2_multi_state,5364852137.0,46585.0,william jackson,william.jackson@kw.com,jackson properties,william,jackson,william.jackson,kw.com,0,1
AGT00060,REC00065,REC00065,William Jackson,MLS213668,LIC-TX-46585,5364852137,william.jackson@cbunited.com,Jackson Properties,TX,NTREIS_TX,427e77e7,TC2_multi_state,5364852137.0,46585.0,william jackson,william.jackson@cbunited.com,jackson properties,william,jackson,william.jackson,cbunited.com,0,1
AGT00061,REC00066,REC00066,William Jackson,MLS924629,46585,5364852137,william.jackson@yahoo.com,Jackson Properties,NC,FLEX_NC,427e77e7,TC2_multi_state,5364852137.0,46585.0,william jackson,william.jackson@yahoo.com,jackson properties,william,jackson,william.jackson,yahoo.com,0,1
AGT00062,REC00067,REC00067,Patricia Allen,MLS796503,67154,+13944601727,patricia.allen@cbunited.com,Allen Properties,TX,NTREIS_TX,ea291da4,TC2_multi_state,3944601727.0,67154.0,patricia allen,patricia.allen@cbunited.com,allen properties,patricia,allen,patricia.allen,cbunited.com,0,1
AGT00063,REC00068,REC00068,Patricia Allen,MLS989208,FL-67154,394.460.1727,patricia.allen@kw.com,Allen Properties,FL,BRIGHT_FL,ea291da4,TC2_multi_state,3944601727.0,67154.0,patricia allen,patricia.allen@kw.com,allen properties,patricia,allen,patricia.allen,kw.com,0,1
AGT00064,REC00069,REC00069,Patricia Anderson,MLS884475,FL82667,+16129135844,patricia.anderson@kw.com,Anderson Properties,FL,BRIGHT_FL,045e1c8f,TC2_multi_state,6129135844.0,82667.0,patricia anderson,patricia.anderson@kw.com,anderson properties,patricia,anderson,patricia.anderson,kw.com,0,1
AGT00065,REC00070,REC00070,Patricia Anderson,MLS674553,NY-82667,612.913.5844,patricia.anderson@kw.com,Anderson Properties,NY,MLSLI_NY,045e1c8f,TC2_multi_state,6129135844.0,82667.0,patricia anderson,patricia.anderson@kw.com,anderson properties,patricia,anderson,patricia.anderson,kw.com,0,1
AGT00066,REC00071,REC00071,William White,MLS790855,CA-70946,793.821.6279,william.white@cbunited.com,White Properties,CA,CRMLS_CA,73d3c316,TC2_multi_state,7938216279.0,70946.0,william white,william.white@cbunited.com,white properties,william,white,william.white,cbunited.com,0,1
AGT00067,REC00072,REC00072,William White,MLS958179,FL70946,793.821.6279,william.white@realty.com,White Properties,FL,MFRMLS_FL,73d3c316,TC2_multi_state,7938216279.0,70946.0,william white,william.white@realty.com,white properties,william,white,william.white,realty.com,0,1
AGT00068,REC00073,REC00073,William White,MLS254511,TX-70946,793-821-6279,william.white@realty.com,White Properties,TX,NTREIS_TX,73d3c316,TC2_multi_state,7938216279.0,70946.0,william white,william.white@realty.com,white properties,william,white,william.white,realty.com,0,1
AGT00069,REC00074,REC00074,James King,MLS355836,FL64321,986-274-8461,james.king@yahoo.com,King Properties,FL,MIAMI_FL,a370ca94,TC2_multi_state,9862748461.0,64321.0,james king,james.king@yahoo.com,king properties,james,king,james.king,yahoo.com,0,1
AGT00070,REC00075,REC00075,James King,MLS329471,NY64321,+19862748461,james.king@coldwellbanker.com,King Properties,NY,MLSLI_NY,a370ca94,TC2_multi_state,9862748461.0,64321.0,james king,james.king@coldwellbanker.com,king properties,james,king,james.king,coldwellbanker.com,0,1
AGT00071,REC00077,REC00077,Thomas Young,MLS879779,TX-027477,4553248478,thomas.young@kw.com,Young Properties,TX,NTREIS_TX,6a742391,TC2_multi_state,4553248478.0,27477.0,thomas young,thomas.young@kw.com,young properties,thomas,young,thomas.young,kw.com,0,1
AGT00072,REC00078,REC00076,Thomas Young,MLS954596,LIC-NY-27477,4553248478,thomas.young@coldwellbanker.com,Young Properties,NY,NYSMLS_NY,6a742391,TC2_multi_state,4553248478.0,27477.0,thomas young,thomas.young@coldwellbanker.com,young properties,thomas,young,thomas.young,coldwellbanker.com,0,2
AGT00073,REC00079,REC00079,William Wilson,MLS342495,TX-040735,(650) 279-5681,william.wilson@realty.com,Wilson Properties,TX,NTREIS_TX,09b4f7da,TC2_multi_state,6502795681.0,40735.0,william wilson,william.wilson@realty.com,wilson properties,william,wilson,william.wilson,realty.com,0,1
AGT00074,REC00080,REC00080,William Wilson,MLS535020,NC-040735,650.279.5681,william.wilson@coldwellbanker.com,Wilson Properties,NC,CRMLS_NC,09b4f7da,TC2_multi_state,6502795681.0,40735.0,william wilson,william.wilson@coldwellbanker.com,wilson properties,william,wilson,william.wilson,coldwellbanker.com,0,1
AGT00075,REC00081,REC00081,William Wilson,MLS165290,FL40735,6502795681,william.wilson@remax.com,Wilson Properties,FL,MIAMI_FL,09b4f7da,TC2_multi_state,6502795681.0,40735.0,william wilson,william.wilson@remax.com,wilson properties,william,wilson,william.wilson,remax.com,0,1
AGT00076,REC00082,REC00082,Barbara Johnson,MLS883826,LIC-TX-72518,+19837897232,barbara.johnson@realty.com,Johnson Properties,TX,HAR_TX,1976f586,TC2_multi_state,9837897232.0,72518.0,barbara johnson,barbara.johnson@realty.com,johnson properties,barbara,johnson,barbara.johnson,realty.com,0,1
AGT00077,REC00083,REC00083,Barbara Johnson,MLS330080,72518,9837897232,barbara.johnson@coldwellbanker.com,Johnson Properties,FL,MIAMI_FL,1976f586,TC2_multi_state,9837897232.0,72518.0,barbara johnson,barbara.johnson@coldwellbanker.com,johnson properties,barbara,johnson,barbara.johnson,coldwellbanker.com,0,1
AGT00078,REC00084,REC00084,Barbara Johnson,MLS507746,72518,9837897232,barbara.johnson@outlook.com,Johnson Properties,CA,CRMLS_CA,1976f586,TC2_multi_state,9837897232.0,72518.0,barbara johnson,barbara.johnson@outlook.com,johnson properties,barbara,johnson,barbara.johnson,outlook.com,0,1
AGT00079,REC00085,REC00085,James Jones,MLS584125,NC61645,837-746-1441,james.jones@kw.com,Jones Properties,NC,CRMLS_NC,56254e57,TC2_multi_state,8377461441.0,61645.0,james jones,james.jones@kw.com,jones properties,james,jones,james.jones,kw.com,0,1
AGT00080,REC00086,REC00086,James Jones,MLS443254,FL61645,8377461441,james.jones@cbunited.com,Jones Properties,FL,MIAMI_FL,56254e57,TC2_multi_state,8377461441.0,61645.0,james jones,james.jones@cbunited.com,jones properties,james,jones,james.jones,cbunited.com,0,1
AGT00081,REC00087,REC00087,Michael Jackson,MLS665621,FL-43065,484.970.7906,michael.jackson@realty.com,Jackson Properties,FL,BRIGHT_FL,94a2cbb0,TC2_multi_state,4849707906.0,43065.0,michael jackson,michael.jackson@realty.com,jackson properties,michael,jackson,michael.jackson,realty.com,0,1
AGT00082,REC00088,REC00088,Michael Jackson,MLS171951,NC-43065,484-970-7906,michael.jackson@realty.com,Jackson Properties,NC,FLEX_NC,94a2cbb0,TC2_multi_state,4849707906.0,43065.0,michael jackson,michael.jackson@realty.com,jackson properties,michael,jackson,michael.jackson,realty.com,0,1
AGT00083,REC00089,REC00089,William Johnson,MLS833442,26544,836.356.4908,william.johnson@outlook.com,Johnson Properties,NY,MLSLI_NY,fbcca6e5,TC2_multi_state,8363564908.0,26544.0,william johnson,william.johnson@outlook.com,johnson properties,william,johnson,william.johnson,outlook.com,0,1
AGT00084,REC00090,REC00090,William Johnson,MLS736745,CA-26544,(836) 356-4908,william.johnson@kw.com,Johnson Properties,CA,MATRIX_CA,fbcca6e5,TC2_multi_state,8363564908.0,26544.0,william johnson,william.johnson@kw.com,johnson properties,william,johnson,william.johnson,kw.com,0,1
AGT00085,REC00092,REC00092,Robert Allen,MLS991597,LIC-NC-61990,304-913-5941,robert.allen@gmail.com,Allen Realty Group,NC,NWMLS_NC,95685d55,TC3_phone_changed,3049135941.0,61990.0,robert allen,robert.allen@gmail.com,allen group,robert,allen,robert.allen,gmail.com,0,2
AGT00086,REC00094,REC00093,Michael Young,MLS778998,76317,877-579-2129,michael.young@remax.com,Young Realty Group,FL,MFRMLS_FL,c633550d,TC3_phone_changed,8775792129.0,76317.0,michael young,michael.young@remax.com,young group,michael,young,michael.young,remax.com,0,2
AGT00087,REC00096,REC00096,Elizabeth Thompson,MLS572700,TX70931,4512885569,elizabeth.thompson@remax.com,Thompson Realty Group,TX,SABOR_TX,b42c48dd,TC3_phone_changed,4512885569.0,70931.0,elizabeth thompson,elizabeth.thompson@remax.com,thompson group,elizabeth,thompson,elizabeth.thompson,remax.com,0,2
AGT00088,REC00098,REC00097,Michael Johnson,MLS472060,37802,532.386.8988,michael.johnson@kw.com,Johnson Realty Group,FL,MFRMLS_FL,f86fd551,TC3_phone_changed,5323868988.0,37802.0,michael johnson,michael.johnson@kw.com,johnson group,michael,johnson,michael.johnson,kw.com,0,2
AGT00089,REC00100,REC00099,Robert Davis,MLS777278,FL-072402,7007684937,robert.davis@gmail.com,Davis Realty Group,FL,MFRMLS_FL,69958d9c,TC3_phone_changed,7007684937.0,72402.0,robert davis,robert.davis@gmail.com,davis group,robert,davis,robert.davis,gmail.com,0,2
AGT00090,REC00102,REC00101,James Young,MLS836996,NY-056112,552.635.6419,james.young@kw.com,Young Realty Group,NY,REBNY_NY,6fd09bcc,TC3_phone_changed,5526356419.0,56112.0,james young,james.young@kw.com,young group,james,young,james.young,kw.com,0,2
AGT00091,REC00104,REC00104,Linda Garcia,MLS338533,46241,(302) 398-5853,linda.garcia@kw.com,Garcia Realty Group,CA,NWMLS_CA,674ba110,TC3_phone_changed,3023985853.0,46241.0,linda garcia,linda.garcia@kw.com,garcia group,linda,garcia,linda.garcia,kw.com,0,2
AGT00092,REC00106,REC00106,Thomas Young,MLS592198,CA-082529,2127875658,thomas.young@cbunited.com,Young Realty Group,CA,NWMLS_CA,d4dc737b,TC3_phone_changed,2127875658.0,82529.0,thomas young,thomas.young@cbunited.com,young group,thomas,young,thomas.young,cbunited.com,0,2
AGT00093,REC00108,REC00108,Elizabeth Smith,MLS189318,TX62521,355-352-5978,elizabeth.smith@remax.com,Smith Realty Group,TX,SABOR_TX,0ca37c4a,TC3_phone_changed,3553525978.0,62521.0,elizabeth smith,elizabeth.smith@remax.com,smith group,elizabeth,smith,elizabeth.smith,remax.com,0,2
AGT00094,REC00110,REC00110,Barbara King,MLS739244,NY-59856,(512) 782-1986,barbara.king@realty.com,King Realty Group,NY,MLSLI_NY,0c424b58,TC3_phone_changed,5127821986.0,59856.0,barbara king,barbara.king@realty.com,king group,barbara,king,barbara.king,realty.com,0,2
AGT00095,REC00112,REC00111,Jennifer Williams,MLS102805,CA-030517,4453772229,jennifer.williams@coldwellbanker.com,Williams Realty Group,CA,CRMLS_CA,0bb60a42,TC3_phone_changed,4453772229.0,30517.0,jennifer williams,jennifer.williams@coldwellbanker.com,williams group,jennifer,williams,jennifer.williams,coldwellbanker.com,0,2
AGT00096,REC00114,REC00113,William Wilson,MLS671015,NY25043,(877) 402-7965,william.wilson@kw.com,Wilson Realty Group,NY,REBNY_NY,7267e194,TC3_phone_changed,8774027965.0,25043.0,william wilson,william.wilson@kw.com,wilson group,william,wilson,william.wilson,kw.com,0,2
AGT00097,REC00116,REC00116,James Brown,MLS553014,45683,+12828121653,james.brown@kw.com,Brown Realty Group,FL,MIAMI_FL,f8c400df,TC3_phone_changed,2828121653.0,45683.0,james brown,james.brown@kw.com,brown group,james,brown,james.brown,kw.com,0,2
AGT00098,REC00118,REC00117,Thomas Williams,MLS961322,98117,+18907891339,thomas.williams@gmail.com,Williams Realty Group,CA,CRMLS_CA,214a02e4,TC3_phone_changed,8907891339.0,98117.0,thomas williams,thomas.williams@gmail.com,williams group,thomas,williams,thomas.williams,gmail.com,0,2
AGT00099,REC00120,REC00119,Elizabeth Allen,MLS464863,FL-071605,850.703.2494,elizabeth.allen@cbunited.com,Allen Realty Group,FL,MFRMLS_FL,94aecf5f,TC3_phone_changed,8507032494.0,71605.0,elizabeth allen,elizabeth.allen@cbunited.com,allen group,elizabeth,allen,elizabeth.allen,cbunited.com,0,2
AGT00100,REC00122,REC00121,Patricia Young,MLS438977,NC-43082,6652906153,patricia.young@gmail.com,Young Realty Group,NC,CRMLS_NC,5217f2f0,TC3_phone_changed,6652906153.0,43082.0,patricia young,patricia.young@gmail.com,young group,patricia,young,patricia.young,gmail.com,0,2
AGT00101,REC00124,REC00123,Barbara Martin,MLS675898,FL45003,978.252.4335,barbara.martin@coldwellbanker.com,Martin Realty Group,FL,MFRMLS_FL,aa918b5b,TC3_phone_changed,9782524335.0,45003.0,barbara martin,barbara.martin@coldwellbanker.com,martin group,barbara,martin,barbara.martin,coldwellbanker.com,0,2
AGT00102,REC00126,REC00126,Jennifer Young,MLS851413,39451,+18633579165,jennifer.young@kw.com,Young Realty Group,NC,NWMLS_NC,04d2ce15,TC3_phone_changed,8633579165.0,39451.0,jennifer young,jennifer.young@kw.com,young group,jennifer,young,jennifer.young,kw.com,0,2
AGT00103,REC00128,REC00127,Patricia Martin,MLS299869,LIC-FL-60277,+14496673369,patricia.martin@outlook.com,Martin Realty Group,FL,MFRMLS_FL,4faa03f8,TC3_phone_changed,4496673369.0,60277.0,patricia martin,patricia.martin@outlook.com,martin group,patricia,martin,patricia.martin,outlook.com,0,2
AGT00104,REC00130,REC00130,Jennifer Taylor,MLS495533,NY-029476,540.765.9903,jennifer.taylor@realty.com,Taylor Realty Group,NY,MLSLI_NY,3270a008,TC3_phone_changed,5407659903.0,29476.0,jennifer taylor,jennifer.taylor@realty.com,taylor group,jennifer,taylor,jennifer.taylor,realty.com,0,2
AGT00105,REC00133,REC00131,William Allen,MLS880879,FL-015720,4399947730,william.allen@remax.com,Allen & Associates,FL,BRIGHT_FL,705a43fe,TC4_email_variation,4399947730.0,15720.0,william allen,william.allen@remax.com,allen associates,william,allen,william.allen,remax.com,0,3
AGT00106,REC00135,REC00136,Robert Thompson,MLS659543,FL-063736,215.939.3361,robertt@coldwellbanker.com,Thompson & Associates,FL,BRIGHT_FL,862781a0,TC4_email_variation,2159393361.0,63736.0,robert thompson,robertt@coldwellbanker.com,thompson associates,robert,thompson,robertt,coldwellbanker.com,0,3
AGT00107,REC00139,REC00137,Thomas King,MLS194769,NC-039817,440-846-5708,thomas.king@yahoo.com,King & Associates,NC,NWMLS_NC,9f3ddedd,TC4_email_variation,4408465708.0,39817.0,thomas king,thomas.king@yahoo.com,king associates,thomas,king,thomas.king,yahoo.com,0,3
AGT00108,REC00142,REC00140,Patricia Jones,MLS182804,LIC-CA-32280,7436213950,patricia.jones@realty.com,Jones & Associates,CA,NWMLS_CA,e2acc578,TC4_email_variation,7436213950.0,32280.0,patricia jones,patricia.jones@realty.com,jones associates,patricia,jones,patricia.jones,realty.com,0,3
AGT00109,REC00145,REC00144,Jennifer Young,MLS308894,CA-087014,2756526661,jyoung@yahoo.com,Young & Associates,CA,CRMLS_CA,35dcb509,TC4_email_variation,2756526661.0,87014.0,jennifer young,jyoung@yahoo.com,young associates,jennifer,young,jyoung,yahoo.com,0,3
AGT00110,REC00148,REC00148,Jennifer Johnson,MLS892280,FL89482,481-208-1803,jenniferj@gmail.com,Johnson & Associates,FL,MIAMI_FL,29927e4a,TC4_email_variation,4812081803.0,89482.0,jennifer johnson,jenniferj@gmail.com,johnson associates,jennifer,johnson,jenniferj,gmail.com,0,3
AGT00111,REC00150,REC00149,James Smith,MLS442589,NY-021813,(573) 949-3153,james.smith@realty.com,Smith & Associates,NY,REBNY_NY,652786fd,TC4_email_variation,5739493153.0,21813.0,james smith,james.smith@realty.com,smith associates,james,smith,james.smith,realty.com,0,3
AGT00112,REC00154,REC00153,James Williams,MLS229592,CA-083048,972.431.7511,jwilliams@kw.com,Williams & Associates,CA,MATRIX_CA,b280c279,TC4_email_variation,9724317511.0,83048.0,james williams,jwilliams@kw.com,williams associates,james,williams,jwilliams,kw.com,0,3
AGT00113,REC00157,REC00155,Thomas King,MLS766269,NY-094889,535.824.4626,thomas.king@remax.com,King & Associates,NY,REBNY_NY,952022d4,TC4_email_variation,5358244626.0,94889.0,thomas king,thomas.king@remax.com,king associates,thomas,king,thomas.king,remax.com,0,3
AGT00114,REC00160,REC00158,James Thomas,MLS203831,NY-064379,+16298013531,james.thomas@remax.com,Thomas & Associates,NY,MLSLI_NY,526f8b59,TC4_email_variation,6298013531.0,64379.0,james thomas,james.thomas@remax.com,thomas associates,james,thomas,james.thomas,remax.com,0,3
AGT00115,REC00163,REC00163,Michael Smith,MLS315173,FL-69600,+14823943001,michaels@realty.com,Smith & Associates,FL,BRIGHT_FL,1a5a8d11,TC4_email_variation,4823943001.0,69600.0,michael smith,michaels@realty.com,smith associates,michael,smith,michaels,realty.com,0,3
AGT00116,REC00166,REC00165,William Davis,MLS793169,TX-46342,(992) 351-1046,wdavis@gmail.com,Davis & Associates,TX,SABOR_TX,5fdfe87a,TC4_email_variation,9923511046.0,46342.0,william davis,wdavis@gmail.com,davis associates,william,davis,wdavis,gmail.com,0,3
AGT00117,REC00169,REC00168,Elizabeth Wilson,MLS638169,LIC-NC-78955,329-959-7897,ewilson@coldwellbanker.com,Wilson & Associates,NC,FLEX_NC,3a87bc74,TC4_email_variation,3299597897.0,78955.0,elizabeth wilson,ewilson@coldwellbanker.com,wilson associates,elizabeth,wilson,ewilson,coldwellbanker.com,0,3
AGT00118,REC00171,REC00170,Thomas Smith,MLS565108,FL-74260,611-636-2768,thomas.smith@cbunited.com,Smith & Associates,FL,BRIGHT_FL,5c62f438,TC4_email_variation,6116362768.0,74260.0,thomas smith,thomas.smith@cbunited.com,smith associates,thomas,smith,thomas.smith,cbunited.com,0,3
AGT00119,REC00175,REC00175,Barbara Thompson,MLS518098,TX-022999,664-717-8048,barbarat@cbunited.com,Thompson & Associates,TX,SABOR_TX,3870904a,TC4_email_variation,6647178048.0,22999.0,barbara thompson,barbarat@cbunited.com,thompson associates,barbara,thompson,barbarat,cbunited.com,0,3
AGT00120,REC00178,REC00176,Michael Wilson,MLS972176,TX-18799,356-903-8770,michael.wilson@remax.com,Wilson & Associates,TX,NTREIS_TX,4268ac48,TC4_email_variation,3569038770.0,18799.0,michael wilson,michael.wilson@remax.com,wilson associates,michael,wilson,michael.wilson,remax.com,0,3
AGT00121,REC00181,REC00181,Michael White,MLS485415,NC-56090,494.814.6119,michaelw@realty.com,White & Associates,NC,NWMLS_NC,ba5fa866,TC4_email_variation,4948146119.0,56090.0,michael white,michaelw@realty.com,white associates,michael,white,michaelw,realty.com,0,3
AGT00122,REC00184,REC00182,Linda King,MLS969752,89822,891-858-1430,linda.king@outlook.com,King & Associates,NY,MLSLI_NY,2bfd4d1b,TC4_email_variation,8918581430.0,89822.0,linda king,linda.king@outlook.com,king associates,linda,king,linda.king,outlook.com,0,3
AGT00123,REC00187,REC00185,Elizabeth Johnson,MLS575682,59308,(964) 743-4524,elizabeth.johnson@cbunited.com,Johnson & Associates,NC,NWMLS_NC,9a7c5a64,TC4_email_variation,9647434524.0,59308.0,elizabeth johnson,elizabeth.johnson@cbunited.com,johnson associates,elizabeth,johnson,elizabeth.johnson,cbunited.com,0,3
AGT00124,REC00190,REC00188,Robert Wilson,MLS534303,89570,(877) 634-8957,robert.wilson@yahoo.com,Wilson & Associates,FL,MIAMI_FL,3270c37b,TC4_email_variation,8776348957.0,89570.0,robert wilson,robert.wilson@yahoo.com,wilson associates,robert,wilson,robert.wilson,yahoo.com,0,3
AGT00125,REC00194,REC00194,Barbara Smith,MLS685864,LIC-NC-27987,409.508.4460,barbara.smith@yahoo.com,Smith Real Estate,NC,NWMLS_NC,92a8c207,TC5_license_prefix,4095084460.0,27987.0,barbara smith,barbara.smith@yahoo.com,smith,barbara,smith,barbara.smith,yahoo.com,0,4
AGT00126,REC00198,REC00196,Thomas White,MLS220768,NC85465,6702796129,thomas.white@gmail.com,White Real Estate,NC,NWMLS_NC,14a29624,TC5_license_prefix,6702796129.0,85465.0,thomas white,thomas.white@gmail.com,white,thomas,white,thomas.white,gmail.com,0,4
AGT00127,REC00201,REC00199,William White,MLS882033,NY-61873,610.736.2288,william.white@realty.com,White Real Estate,NY,MLSLI_NY,2f145e59,TC5_license_prefix,6107362288.0,61873.0,william white,william.white@realty.com,white,william,white,william.white,realty.com,0,4
AGT00128,REC00206,REC00204,Elizabeth Wilson,MLS896788,CA95918,+13778163504,elizabeth.wilson@coldwellbanker.com,Wilson Real Estate,CA,MATRIX_CA,9d89a813,TC5_license_prefix,3778163504.0,95918.0,elizabeth wilson,elizabeth.wilson@coldwellbanker.com,wilson,elizabeth,wilson,elizabeth.wilson,coldwellbanker.com,0,4
AGT00129,REC00210,REC00208,James Harris,MLS139434,TX56129,481-805-1920,james.harris@cbunited.com,Harris Real Estate,TX,SABOR_TX,2fef3194,TC5_license_prefix,4818051920.0,56129.0,james harris,james.harris@cbunited.com,harris,james,harris,james.harris,cbunited.com,0,4
AGT00130,REC00214,REC00214,Barbara Miller,MLS648141,LIC-TX-29773,+18196879214,barbara.miller@outlook.com,Miller Real Estate,TX,SABOR_TX,957fe149,TC5_license_prefix,8196879214.0,29773.0,barbara miller,barbara.miller@outlook.com,miller,barbara,miller,barbara.miller,outlook.com,0,4
AGT00131,REC00217,REC00218,Michael Taylor,MLS185461,LIC-FL-98984,+16189936543,michael.taylor@outlook.com,Taylor Real Estate,FL,MIAMI_FL,dbb0963b,TC5_license_prefix,6189936543.0,98984.0,michael taylor,michael.taylor@outlook.com,taylor,michael,taylor,michael.taylor,outlook.com,0,4
AGT00132,REC00221,REC00220,Jennifer Jackson,MLS836971,CA50577,+18099252388,jennifer.jackson@yahoo.com,Jackson Real Estate,CA,MATRIX_CA,3ab28108,TC5_license_prefix,8099252388.0,50577.0,jennifer jackson,jennifer.jackson@yahoo.com,jackson,jennifer,jackson,jennifer.jackson,yahoo.com,0,4
AGT00133,REC00226,REC00225,Michael Martin,MLS495019,20114,(431) 340-3538,michael.martin@outlook.com,Martin Real Estate,CA,CRMLS_CA,a66dc66f,TC5_license_prefix,4313403538.0,20114.0,michael martin,michael.martin@outlook.com,martin,michael,martin,michael.martin,outlook.com,0,4
AGT00134,REC00229,REC00229,James Smith,MLS485709,68222,+15738924891,james.smith@coldwellbanker.com,Smith Real Estate,FL,MIAMI_FL,7700fe54,TC5_license_prefix,5738924891.0,68222.0,james smith,james.smith@coldwellbanker.com,smith,james,smith,james.smith,coldwellbanker.com,0,4
AGT00135,REC00234,REC00234,Linda White,MLS638289,LIC-CA-42768,(404) 819-3267,linda.white@remax.com,White Real Estate,CA,CRMLS_CA,3f6e7f67,TC5_license_prefix,4048193267.0,42768.0,linda white,linda.white@remax.com,white,linda,white,linda.white,remax.com,0,4
AGT00136,REC00238,REC00238,William Harris,MLS140163,LIC-TX-61964,227.624.1872,william.harris@coldwellbanker.com,Harris Real Estate,TX,HAR_TX,f693dac2,TC5_license_prefix,2276241872.0,61964.0,william harris,william.harris@coldwellbanker.com,harris,william,harris,william.harris,coldwellbanker.com,0,4
AGT00137,REC00242,REC00239,Elizabeth Martin,MLS326130,FL-12490,(830) 205-2298,elizabeth.martin@remax.com,Martin Real Estate,FL,MFRMLS_FL,6faeeebe,TC5_license_prefix,8302052298.0,12490.0,elizabeth martin,elizabeth.martin@remax.com,martin,elizabeth,martin,elizabeth.martin,remax.com,0,4
AGT00138,REC00246,REC00245,Robert Martin,MLS698384,85372,7482169443,robert.martin@outlook.com,Martin Real Estate,NY,NYSMLS_NY,dad98f26,TC5_license_prefix,7482169443.0,85372.0,robert martin,robert.martin@outlook.com,martin,robert,martin,robert.martin,outlook.com,0,4
AGT00139,REC00250,REC00250,Linda Young,MLS870899,LIC-NY-61177,719.767.1333,linda.young@outlook.com,Young Real Estate,NY,REBNY_NY,7278bd49,TC5_license_prefix,7197671333.0,61177.0,linda young,linda.young@outlook.com,young,linda,young,linda.young,outlook.com,0,4
AGT00140,REC00254,REC00253,Michael Young,MLS311383,72722,858-379-8612,michael.young@realty.com,Young Real Estate,TX,NTREIS_TX,0536a971,TC5_license_prefix,8583798612.0,72722.0,michael young,michael.young@realty.com,young,michael,young,michael.young,realty.com,0,4
AGT00141,REC00258,REC00257,James Wilson,MLS879414,47501,9718624131,james.wilson@remax.com,Wilson Real Estate,NC,NWMLS_NC,470debc5,TC5_license_prefix,9718624131.0,47501.0,james wilson,james.wilson@remax.com,wilson,james,wilson,james.wilson,remax.com,0,4
AGT00142,REC00262,REC00262,Linda Wilson,MLS852524,LIC-NC-66440,9446342293,linda.wilson@outlook.com,Wilson Real Estate,NC,FLEX_NC,b1917b7f,TC5_license_prefix,9446342293.0,66440.0,linda wilson,linda.wilson@outlook.com,wilson,linda,wilson,linda.wilson,outlook.com,0,4
AGT00143,REC00265,REC00265,James Thomas,MLS940010,90589,(243) 944-6776,james.thomas@gmail.com,Thomas Real Estate,FL,MFRMLS_FL,2c1e48e2,TC5_license_prefix,2439446776.0,90589.0,james thomas,james.thomas@gmail.com,thomas,james,thomas,james.thomas,gmail.com,0,4
AGT00144,REC00270,REC00268,Elizabeth Williams,MLS571778,CA57467,997.860.7001,elizabeth.williams@cbunited.com,Williams Real Estate,CA,NWMLS_CA,0b826893,TC5_license_prefix,9978607001.0,57467.0,elizabeth williams,elizabeth.williams@cbunited.com,williams,elizabeth,williams,elizabeth.williams,cbunited.com,0,4
AGT00145,REC00271,REC00271,John Smith,MLS642895,CA-075410,+13162264048,john.smith@kw.com,Century 21,CA,MATRIX_CA,6f1246e8,TC6_similar_name_different_agent,3162264048.0,75410.0,john smith,john.smith@kw.com,century 21,john,smith,john.smith,kw.com,0,1
AGT00146,REC00272,REC00272,John Smith,MLS309902,FL-74382,(419) 826-5678,john.smith@coldwellbanker.com,RE/MAX,FL,BRIGHT_FL,497d833b,TC6_similar_name_different_agent,4198265678.0,74382.0,john smith,john.smith@coldwellbanker.com,remax,john,smith,john.smith,coldwellbanker.com,0,1
AGT00147,REC00273,REC00273,John Smith,MLS464301,FL-97535,+12898986236,smith.john@kw.com,Century 21,FL,MFRMLS_FL,0d30aa3a,TC6_similar_name_different_agent,2898986236.0,97535.0,john smith,smith.john@kw.com,century 21,john,smith,smith.john,kw.com,0,1
AGT00148,REC00274,REC00274,John Johnson,MLS930541,TX36342,(720) 429-2988,john_johnson@gmail.com,Century 21,TX,HAR_TX,c2844325,TC6_similar_name_different_agent,7204292988.0,36342.0,john johnson,john_johnson@gmail.com,century 21,john,johnson,john_johnson,gmail.com,0,1
AGT00149,REC00275,REC00275,John Johnson,MLS190403,NY-90209,577.678.3126,john_johnson@coldwellbanker.com,Coldwell Banker,NY,MLSLI_NY,763c2d0e,TC6_similar_name_different_agent,5776783126.0,90209.0,john johnson,john_johnson@coldwellbanker.com,coldwell banker,john,johnson,john_johnson,coldwellbanker.com,0,1
AGT00150,REC00276,REC00276,John Williams,MLS588461,LIC-CA-68979,524.857.2215,jwilliams@outlook.com,RE/MAX,CA,NWMLS_CA,9ab83f99,TC6_similar_name_different_agent,5248572215.0,68979.0,john williams,jwilliams@outlook.com,remax,john,williams,jwilliams,outlook.com,0,1
AGT00151,REC00277,REC00277,John Williams,MLS418897,NY30056,(256) 327-9488,johnw@realty.com,Century 21,NY,NYSMLS_NY,f10919eb,TC6_similar_name_different_agent,2563279488.0,30056.0,john williams,johnw@realty.com,century 21,john,williams,johnw,realty.com,0,1
AGT00152,REC00278,REC00278,John Brown,MLS755383,26406,+14564015496,brown.john@yahoo.com,RE/MAX,NC,FLEX_NC,41c09d34,TC6_similar_name_different_agent,4564015496.0,26406.0,john brown,brown.john@yahoo.com,remax,john,brown,brown.john,yahoo.com,0,1
AGT00153,REC00279,REC00279,John Brown,MLS143195,NY-83874,357-375-6531,john.brown@kw.com,RE/MAX,NY,NYSMLS_NY,e11bccae,TC6_similar_name_different_agent,3573756531.0,83874.0,john brown,john.brown@kw.com,remax,john,brown,john.brown,kw.com,0,1
AGT00154,REC00280,REC00280,John Brown,MLS757629,LIC-FL-75278,832.854.1496,johnb@coldwellbanker.com,RE/MAX,FL,BRIGHT_FL,dbd15e04,TC6_similar_name_different_agent,8328541496.0,75278.0,john brown,johnb@coldwellbanker.com,remax,john,brown,johnb,coldwellbanker.com,0,1
AGT00155,REC00281,REC00281,John Jones,MLS560959,TX-030719,6642741981,john_jones@realty.com,Century 21,TX,HAR_TX,5601e2e3,TC6_similar_name_different_agent,6642741981.0,30719.0,john jones,john_jones@realty.com,century 21,john,jones,john_jones,realty.com,0,1
AGT00156,REC00282,REC00282,John Jones,MLS518084,CA55268,520.935.6231,jones.john@yahoo.com,Century 21,CA,CRMLS_CA,e53b0158,TC6_similar_name_different_agent,5209356231.0,55268.0,john jones,jones.john@yahoo.com,century 21,john,jones,jones.john,yahoo.com,0,1
AGT00157,REC00283,REC00283,John Jones,MLS247720,FL-42495,325-473-8366,johnj@remax.com,Coldwell Banker,FL,MFRMLS_FL,2664b674,TC6_similar_name_different_agent,3254738366.0,42495.0,john jones,johnj@remax.com,coldwell banker,john,jones,johnj,remax.com,0,1
AGT00158,REC00284,REC00284,Mary Smith,MLS900190,TX34881,7919386123,smith.mary@coldwellbanker.com,Coldwell Banker,TX,SABOR_TX,e0e6ff54,TC6_similar_name_different_agent,7919386123.0,34881.0,mary smith,smith.mary@coldwellbanker.com,coldwell banker,mary,smith,smith.mary,coldwellbanker.com,0,1
AGT00159,REC00285,REC00285,Mary Smith,MLS579441,FL76249,(223) 292-7442,smith.mary@cbunited.com,Keller Williams,FL,MFRMLS_FL,53de962b,TC6_similar_name_different_agent,2232927442.0,76249.0,mary smith,smith.mary@cbunited.com,keller williams,mary,smith,smith.mary,cbunited.com,0,1
AGT00160,REC00286,REC00286,Mary Johnson,MLS662761,FL-47453,811-869-8710,mary_johnson@outlook.com,Century 21,FL,BRIGHT_FL,eb033fe8,TC6_similar_name_different_agent,8118698710.0,47453.0,mary johnson,mary_johnson@outlook.com,century 21,mary,johnson,mary_johnson,outlook.com,0,1
AGT00161,REC00287,REC00287,Mary Johnson,MLS520040,TX-15930,+19826126995,johnson.mary@realty.com,Century 21,TX,HAR_TX,dcbf7c8b,TC6_similar_name_different_agent,9826126995.0,15930.0,mary johnson,johnson.mary@realty.com,century 21,mary,johnson,johnson.mary,realty.com,0,1
AGT00162,REC00288,REC00288,Mary Johnson,MLS901535,LIC-TX-69028,275.595.9261,johnson.mary@yahoo.com,RE/MAX,TX,NTREIS_TX,f0dc3415,TC6_similar_name_different_agent,2755959261.0,69028.0,mary johnson,johnson.mary@yahoo.com,remax,mary,johnson,johnson.mary,yahoo.com,0,1
AGT00163,REC00289,REC00289,Mary Williams,MLS308727,LIC-TX-28909,+15477716990,mary_williams@gmail.com,Keller Williams,TX,NTREIS_TX,449b56bf,TC6_similar_name_different_agent,5477716990.0,28909.0,mary williams,mary_williams@gmail.com,keller williams,mary,williams,mary_williams,gmail.com,0,1
AGT00164,REC00290,REC00290,Mary Williams,MLS579187,CA78069,+19305418761,williams.mary@outlook.com,Century 21,CA,MATRIX_CA,1fb0efd0,TC6_similar_name_different_agent,9305418761.0,78069.0,mary williams,williams.mary@outlook.com,century 21,mary,williams,williams.mary,outlook.com,0,1
AGT00165,REC00291,REC00291,Mary Williams,MLS452713,LIC-TX-87820,+13666025902,williams.mary@coldwellbanker.com,Century 21,TX,SABOR_TX,c563f693,TC6_similar_name_different_agent,3666025902.0,87820.0,mary williams,williams.mary@coldwellbanker.com,century 21,mary,williams,williams.mary,coldwellbanker.com,0,1
AGT00166,REC00292,REC00292,Mary Brown,MLS712056,64596,539-889-2795,brown.mary@coldwellbanker.com,Century 21,TX,HAR_TX,5ffcba44,TC6_similar_name_different_agent,5398892795.0,64596.0,mary brown,brown.mary@coldwellbanker.com,century 21,mary,brown,brown.mary,coldwellbanker.com,0,1
AGT00167,REC00293,REC00293,Mary Brown,MLS603787,NY86483,+17914331841,brown.mary@remax.com,RE/MAX,NY,NYSMLS_NY,323bfb43,TC6_similar_name_different_agent,7914331841.0,86483.0,mary brown,brown.mary@remax.com,remax,mary,brown,brown.mary,remax.com,0,1
AGT00168,REC00294,REC00294,Mary Jones,MLS119857,NC-035006,786.917.2800,mary_jones@outlook.com,Coldwell Banker,NC,FLEX_NC,34a68c7a,TC6_similar_name_different_agent,7869172800.0,35006.0,mary jones,mary_jones@outlook.com,coldwell banker,mary,jones,mary_jones,outlook.com,0,1
AGT00169,REC00295,REC00295,Mary Jones,MLS840058,CA18163,+16207138726,mjones@cbunited.com,Coldwell Banker,CA,MATRIX_CA,03e39c9a,TC6_similar_name_different_agent,6207138726.0,18163.0,mary jones,mjones@cbunited.com,coldwell banker,mary,jones,mjones,cbunited.com,0,1
AGT00170,REC00296,REC00296,David Smith,MLS672808,54869,377.670.9734,smith.david@coldwellbanker.com,RE/MAX,TX,NTREIS_TX,d0442c5d,TC6_similar_name_different_agent,3776709734.0,54869.0,david smith,smith.david@coldwellbanker.com,remax,david,smith,smith.david,coldwellbanker.com,0,1
AGT00171,REC00297,REC00297,David Smith,MLS908634,49008,(771) 505-4684,david_smith@cbunited.com,Coldwell Banker,TX,SABOR_TX,2793ecf7,TC6_similar_name_different_agent,7715054684.0,49008.0,david smith,david_smith@cbunited.com,coldwell banker,david,smith,david_smith,cbunited.com,0,1
AGT00172,REC00298,REC00298,David Smith,MLS701334,LIC-NY-25974,9384805715,david_smith@cbunited.com,RE/MAX,NY,MLSLI_NY,53ad53f6,TC6_similar_name_different_agent,9384805715.0,25974.0,david smith,david_smith@cbunited.com,remax,david,smith,david_smith,cbunited.com,0,1
AGT00173,REC00299,REC00299,David Johnson,MLS787836,67983,9312806674,djohnson@realty.com,Century 21,TX,HAR_TX,4c883249,TC6_similar_name_different_agent,9312806674.0,67983.0,david johnson,djohnson@realty.com,century 21,david,johnson,djohnson,realty.com,0,1
AGT00174,REC00300,REC00300,David Johnson,MLS153231,LIC-TX-41779,(340) 311-4920,djohnson@gmail.com,Keller Williams,TX,SABOR_TX,3b361239,TC6_similar_name_different_agent,3403114920.0,41779.0,david johnson,djohnson@gmail.com,keller williams,david,johnson,djohnson,gmail.com,0,1
AGT00175,REC00301,REC00301,David Williams,MLS677086,FL10679,3028973252,david_williams@coldwellbanker.com,RE/MAX,FL,MIAMI_FL,711a10bd,TC6_similar_name_different_agent,3028973252.0,10679.0,david williams,david_williams@coldwellbanker.com,remax,david,williams,david_williams,coldwellbanker.com,0,1
AGT00176,REC00302,REC00302,David Williams,MLS783984,LIC-TX-21725,(492) 861-1969,williams.david@gmail.com,RE/MAX,TX,SABOR_TX,2d05c7d2,TC6_similar_name_different_agent,4928611969.0,21725.0,david williams,williams.david@gmail.com,remax,david,williams,williams.david,gmail.com,0,1
AGT00177,REC00303,REC00303,David Williams,MLS885386,34420,237-606-9116,david.williams@kw.com,Keller Williams,CA,NWMLS_CA,99b05848,TC6_similar_name_different_agent,2376069116.0,34420.0,david williams,david.williams@kw.com,keller williams,david,williams,david.williams,kw.com,0,1
AGT00178,REC00304,REC00304,David Brown,MLS240718,LIC-FL-74738,8567569590,davidb@realty.com,Keller Williams,FL,MIAMI_FL,1e104575,TC6_similar_name_different_agent,8567569590.0,74738.0,david brown,davidb@realty.com,keller williams,david,brown,davidb,realty.com,0,1
AGT00179,REC00305,REC00305,David Brown,MLS114768,34405,948.669.5215,brown.david@realty.com,RE/MAX,CA,MATRIX_CA,d993836e,TC6_similar_name_different_agent,9486695215.0,34405.0,david brown,brown.david@realty.com,remax,david,brown,brown.david,realty.com,0,1
AGT00180,REC00306,REC00306,David Brown,MLS520304,FL-21368,(637) 727-6372,dbrown@coldwellbanker.com,Century 21,FL,MFRMLS_FL,faf2089c,TC6_similar_name_different_agent,6377276372.0,21368.0,david brown,dbrown@coldwellbanker.com,century 21,david,brown,dbrown,coldwellbanker.com,0,1
AGT00181,REC00307,REC00307,David Jones,MLS445637,44995,+15924418319,jones.david@gmail.com,Century 21,TX,HAR_TX,beefc195,TC6_similar_name_different_agent,5924418319.0,44995.0,david jones,jones.david@gmail.com,century 21,david,jones,jones.david,gmail.com,0,1
AGT00182,REC00308,REC00308,David Jones,MLS223967,TX-097528,909.441.2017,djones@remax.com,Century 21,TX,HAR_TX,9e0afc84,TC6_similar_name_different_agent,9094412017.0,97528.0,david jones,djones@remax.com,century 21,david,jones,djones,remax.com,0,1
AGT00183,REC00309,REC00309,Sarah Smith,MLS240057,TX-038721,(576) 829-4618,sarah_smith@cbunited.com,Coldwell Banker,TX,HAR_TX,ebd43e2d,TC6_similar_name_different_agent,5768294618.0,38721.0,sarah smith,sarah_smith@cbunited.com,coldwell banker,sarah,smith,sarah_smith,cbunited.com,0,1
AGT00184,REC00310,REC00310,Sarah Smith,MLS965708,NY97044,(682) 975-9806,smith.sarah@yahoo.com,Coldwell Banker,NY,NYSMLS_NY,b6f660e3,TC6_similar_name_different_agent,6829759806.0,97044.0,sarah smith,smith.sarah@yahoo.com,coldwell banker,sarah,smith,smith.sarah,yahoo.com,0,1
AGT00185,REC00311,REC00311,Sarah Johnson,MLS630041,NC81781,+17773142011,johnson.sarah@outlook.com,RE/MAX,NC,NWMLS_NC,ac0ddd17,TC6_similar_name_different_agent,7773142011.0,81781.0,sarah johnson,johnson.sarah@outlook.com,remax,sarah,johnson,johnson.sarah,outlook.com,0,1
AGT00186,REC00312,REC00312,Sarah Johnson,MLS612573,NY-86434,+16523194365,sarah_johnson@gmail.com,Coldwell Banker,NY,REBNY_NY,299a9266,TC6_similar_name_different_agent,6523194365.0,86434.0,sarah johnson,sarah_johnson@gmail.com,coldwell banker,sarah,johnson,sarah_johnson,gmail.com,0,1
AGT00187,REC00313,REC00313,Sarah Johnson,MLS584838,83242,625-667-1945,sarah_johnson@kw.com,Keller Williams,NY,NYSMLS_NY,130982d6,TC6_similar_name_different_agent,6256671945.0,83242.0,sarah johnson,sarah_johnson@kw.com,keller williams,sarah,johnson,sarah_johnson,kw.com,0,1
AGT00188,REC00314,REC00314,Sarah Williams,MLS834406,NY-55158,+12742467941,sarah.williams@yahoo.com,Coldwell Banker,NY,REBNY_NY,7b4d63e1,TC6_similar_name_different_agent,2742467941.0,55158.0,sarah williams,sarah.williams@yahoo.com,coldwell banker,sarah,williams,sarah.williams,yahoo.com,0,1
AGT00189,REC00315,REC00315,Sarah Williams,MLS864715,TX-094085,618.384.3218,sarah_williams@coldwellbanker.com,Coldwell Banker,TX,SABOR_TX,40fd2125,TC6_similar_name_different_agent,6183843218.0,94085.0,sarah williams,sarah_williams@coldwellbanker.com,coldwell banker,sarah,williams,sarah_williams,coldwellbanker.com,0,1
AGT00190,REC00316,REC00316,Sarah Brown,MLS287143,LIC-NY-25549,3368696697,brown.sarah@outlook.com,RE/MAX,NY,REBNY_NY,38b7420b,TC6_similar_name_different_agent,3368696697.0,25549.0,sarah brown,brown.sarah@outlook.com,remax,sarah,brown,brown.sarah,outlook.com,0,1
AGT00191,REC00317,REC00317,Sarah Brown,MLS657772,NC-065591,(505) 674-9920,sbrown@coldwellbanker.com,Century 21,NC,CRMLS_NC,3c2e948b,TC6_similar_name_different_agent,5056749920.0,65591.0,sarah brown,sbrown@coldwellbanker.com,century 21,sarah,brown,sbrown,coldwellbanker.com,0,1
AGT00192,REC00318,REC00318,Sarah Jones,MLS948799,CA-014222,+19429832848,sarah.jones@realty.com,RE/MAX,CA,CRMLS_CA,cdebf083,TC6_similar_name_different_agent,9429832848.0,14222.0,sarah jones,sarah.jones@realty.com,remax,sarah,jones,sarah.jones,realty.com,0,1
AGT00193,REC00319,REC00319,Sarah Jones,MLS804667,NC-88352,(808) 234-8314,sarah.jones@remax.com,Coldwell Banker,NC,CRMLS_NC,6a3db7ec,TC6_similar_name_different_agent,8082348314.0,88352.0,sarah jones,sarah.jones@remax.com,coldwell banker,sarah,jones,sarah.jones,remax.com,0,1
AGT00194,REC00320,REC00320,Sarah Jones,MLS628373,28367,(422) 972-1924,jones.sarah@cbunited.com,Century 21,NY,REBNY_NY,f87f3231,TC6_similar_name_different_agent,4229721924.0,28367.0,sarah jones,jones.sarah@cbunited.com,century 21,sarah,jones,jones.sarah,cbunited.com,0,1
AGT00195,REC00321,REC00321,Chris Smith,MLS415098,64206,876-733-4621,smith.chris@outlook.com,Coldwell Banker,CA,MATRIX_CA,8a2de09b,TC6_similar_name_different_agent,8767334621.0,64206.0,chris smith,smith.chris@outlook.com,coldwell banker,chris,smith,smith.chris,outlook.com,0,1
AGT00196,REC00322,REC00322,Chris Smith,MLS434217,FL-078742,2485527244,csmith@kw.com,Coldwell Banker,FL,MFRMLS_FL,aa91e566,TC6_similar_name_different_agent,2485527244.0,78742.0,chris smith,csmith@kw.com,coldwell banker,chris,smith,csmith,kw.com,0,1
AGT00197,REC00323,REC00323,Chris Smith,MLS999197,NY49418,6844464692,chris.smith@remax.com,Coldwell Banker,NY,NYSMLS_NY,31f7f800,TC6_similar_name_different_agent,6844464692.0,49418.0,chris smith,chris.smith@remax.com,coldwell banker,chris,smith,chris.smith,remax.com,0,1
AGT00198,REC00324,REC00324,Chris Johnson,MLS778120,FL-53288,4484614331,chrisj@yahoo.com,RE/MAX,FL,MFRMLS_FL,128cf509,TC6_similar_name_different_agent,4484614331.0,53288.0,chris johnson,chrisj@yahoo.com,remax,chris,johnson,chrisj,yahoo.com,0,1
AGT00199,REC00325,REC00325,Chris Johnson,MLS297303,LIC-TX-19539,+15868891647,cjohnson@coldwellbanker.com,RE/MAX,TX,SABOR_TX,455a39f9,TC6_similar_name_different_agent,5868891647.0,19539.0,chris johnson,cjohnson@coldwellbanker.com,remax,chris,johnson,cjohnson,coldwellbanker.com,0,1
AGT00200,REC00326,REC00326,Chris Williams,MLS354377,LIC-NC-72773,(416) 394-2922,chris_williams@realty.com,Century 21,NC,NWMLS_NC,d7b25460,TC6_similar_name_different_agent,4163942922.0,72773.0,chris williams,chris_williams@realty.com,century 21,chris,williams,chris_williams,realty.com,0,1
AGT00201,REC00327,REC00327,Chris Williams,MLS374267,50425,+16777466886,chris_williams@coldwellbanker.com,Keller Williams,FL,BRIGHT_FL,62e85254,TC6_similar_name_different_agent,6777466886.0,50425.0,chris williams,chris_williams@coldwellbanker.com,keller williams,chris,williams,chris_williams,coldwellbanker.com,0,1
AGT00202,REC00328,REC00328,Chris Williams,MLS428122,FL-058589,979-527-4328,williams.chris@realty.com,RE/MAX,FL,MFRMLS_FL,233e2116,TC6_similar_name_different_agent,9795274328.0,58589.0,chris williams,williams.chris@realty.com,remax,chris,williams,williams.chris,realty.com,0,1
AGT00203,REC00329,REC00329,Chris Brown,MLS259814,NY48691,798.793.7841,cbrown@remax.com,RE/MAX,NY,MLSLI_NY,8b89f1b6,TC6_similar_name_different_agent,7987937841.0,48691.0,chris brown,cbrown@remax.com,remax,chris,brown,cbrown,remax.com,0,1
AGT00204,REC00330,REC00330,Chris Brown,MLS900441,NY-043728,8709016530,chris_brown@outlook.com,Century 21,NY,REBNY_NY,dbef38eb,TC6_similar_name_different_agent,8709016530.0,43728.0,chris brown,chris_brown@outlook.com,century 21,chris,brown,chris_brown,outlook.com,0,1
AGT00205,REC00331,REC00331,Chris Brown,MLS668471,CA-34123,+19377599000,chris.brown@yahoo.com,Keller Williams,CA,CRMLS_CA,4ffdcfd0,TC6_similar_name_different_agent,9377599000.0,34123.0,chris brown,chris.brown@yahoo.com,keller williams,chris,brown,chris.brown,yahoo.com,0,1
AGT00206,REC00332,REC00332,Chris Jones,MLS109585,CA29795,+18454362113,chris_jones@cbunited.com,Keller Williams,CA,MATRIX_CA,7cf6d4be,TC6_similar_name_different_agent,8454362113.0,29795.0,chris jones,chris_jones@cbunited.com,keller williams,chris,jones,chris_jones,cbunited.com,0,1
AGT00207,REC00333,REC00333,Chris Jones,MLS106933,LIC-NY-12061,+16948758993,chris_jones@gmail.com,Keller Williams,NY,NYSMLS_NY,74e6294d,TC6_similar_name_different_agent,6948758993.0,12061.0,chris jones,chris_jones@gmail.com,keller williams,chris,jones,chris_jones,gmail.com,0,1
AGT00208,REC00334,REC00334,Chris Jones,MLS952657,TX-075826,(748) 493-1280,chris.jones@yahoo.com,RE/MAX,TX,NTREIS_TX,e6454acf,TC6_similar_name_different_agent,7484931280.0,75826.0,chris jones,chris.jones@yahoo.com,remax,chris,jones,chris.jones,yahoo.com,0,1
AGT00209,REC00336,REC00335,William King,MLS182857,NY-062022,458.562.5379,william.king@remax.com,Century 21,NY,REBNY_NY,37acc3e7,TC7_exact_duplicate,4585625379.0,62022.0,william king,william.king@remax.com,century 21,william,king,william.king,remax.com,0,2
AGT00210,REC00338,REC00338,Barbara Davis,MLS999908,CA-095686,507-900-2320,barbara.davis@yahoo.com,Century 21,CA,CRMLS_CA,bcad6057,TC7_exact_duplicate,5079002320.0,95686.0,barbara davis,barbara.davis@yahoo.com,century 21,barbara,davis,barbara.davis,yahoo.com,0,2
AGT00211,REC00340,REC00340,Patricia Jackson,MLS186702,32463,6872571154,patricia.jackson@remax.com,Century 21,NY,REBNY_NY,a1809850,TC7_exact_duplicate,6872571154.0,32463.0,patricia jackson,patricia.jackson@remax.com,century 21,patricia,jackson,patricia.jackson,remax.com,0,2
AGT00212,REC00342,REC00342,Barbara Brown,MLS598598,NY-84289,243.435.4463,barbara.brown@gmail.com,Century 21,NY,REBNY_NY,1ead61bd,TC7_exact_duplicate,2434354463.0,84289.0,barbara brown,barbara.brown@gmail.com,century 21,barbara,brown,barbara.brown,gmail.com,0,2
AGT00213,REC00344,REC00343,Jennifer Young,MLS116418,NY-051220,(873) 233-3938,jennifer.young@outlook.com,Century 21,NY,REBNY_NY,d1703276,TC7_exact_duplicate,8732333938.0,51220.0,jennifer young,jennifer.young@outlook.com,century 21,jennifer,young,jennifer.young,outlook.com,0,2
AGT00214,REC00346,REC00346,Robert Taylor,MLS666820,CA98740,777.446.7375,robert.taylor@remax.com,Century 21,CA,CRMLS_CA,a09389b7,TC7_exact_duplicate,7774467375.0,98740.0,robert taylor,robert.taylor@remax.com,century 21,robert,taylor,robert.taylor,remax.com,0,2
AGT00215,REC00348,REC00348,Robert Thompson,MLS979414,LIC-TX-40427,254-300-8161,robert.thompson@cbunited.com,Century 21,TX,NTREIS_TX,bbdfca38,TC7_exact_duplicate,2543008161.0,40427.0,robert thompson,robert.thompson@cbunited.com,century 21,robert,thompson,robert.thompson,cbunited.com,0,2
AGT00216,REC00350,REC00349,Barbara King,MLS386604,FL93115,9925341485,barbara.king@coldwellbanker.com,Century 21,FL,MFRMLS_FL,33156aa0,TC7_exact_duplicate,9925341485.0,93115.0,barbara king,barbara.king@coldwellbanker.com,century 21,barbara,king,barbara.king,coldwellbanker.com,0,2
AGT00217,REC00352,REC00352,Michael Young,MLS909676,FL21232,+16423907227,michael.young@kw.com,Century 21,FL,MFRMLS_FL,c6fd6583,TC7_exact_duplicate,6423907227.0,21232.0,michael young,michael.young@kw.com,century 21,michael,young,michael.young,kw.com,0,2
AGT00218,REC00354,REC00354,Robert Williams,MLS432061,TX-61068,357.589.3527,robert.williams@yahoo.com,Century 21,TX,NTREIS_TX,0ee9817e,TC7_exact_duplicate,3575893527.0,61068.0,robert williams,robert.williams@yahoo.com,century 21,robert,williams,robert.williams,yahoo.com,0,2
AGT00219,REC00356,REC00355,Thomas Taylor,MLS238943,FL-023399,568-979-5419,thomas.taylor@outlook.com,Century 21,FL,MFRMLS_FL,a8230180,TC7_exact_duplicate,5689795419.0,23399.0,thomas taylor,thomas.taylor@outlook.com,century 21,thomas,taylor,thomas.taylor,outlook.com,0,2
AGT00220,REC00358,REC00358,James Young,MLS193972,LIC-NY-13442,724.617.2692,james.young@yahoo.com,Century 21,NY,REBNY_NY,c6e4d4b4,TC7_exact_duplicate,7246172692.0,13442.0,james young,james.young@yahoo.com,century 21,james,young,james.young,yahoo.com,0,2
AGT00221,REC00360,REC00359,Barbara Anderson,MLS917018,LIC-FL-60829,212-498-7779,barbara.anderson@realty.com,Century 21,FL,MFRMLS_FL,2896fee8,TC7_exact_duplicate,2124987779.0,60829.0,barbara anderson,barbara.anderson@realty.com,century 21,barbara,anderson,barbara.anderson,realty.com,0,2
AGT00222,REC00362,REC00361,Linda Garcia,MLS381444,FL-49469,3733425405,linda.garcia@outlook.com,Century 21,FL,MFRMLS_FL,23198577,TC7_exact_duplicate,3733425405.0,49469.0,linda garcia,linda.garcia@outlook.com,century 21,linda,garcia,linda.garcia,outlook.com,0,2
AGT00223,REC00364,REC00364,Elizabeth White,MLS478666,TX-020082,631.506.8933,elizabeth.white@realty.com,Century 21,TX,NTREIS_TX,2505fb80,TC7_exact_duplicate,6315068933.0,20082.0,elizabeth white,elizabeth.white@realty.com,century 21,elizabeth,white,elizabeth.white,realty.com,0,2
AGT00224,REC00366,REC00365,Barbara King,MLS107096,LIC-CA-49932,6683093219,barbara.king@cbunited.com,Century 21,CA,CRMLS_CA,ab5a37f3,TC7_exact_duplicate,6683093219.0,49932.0,barbara king,barbara.king@cbunited.com,century 21,barbara,king,barbara.king,cbunited.com,0,2
AGT00225,REC00368,REC00368,Patricia Anderson,MLS436241,FL-049378,+15426403230,patricia.anderson@realty.com,Century 21,FL,MFRMLS_FL,f3dc5606,TC7_exact_duplicate,5426403230.0,49378.0,patricia anderson,patricia.anderson@realty.com,century 21,patricia,anderson,patricia.anderson,realty.com,0,2
AGT00226,REC00370,REC00369,Michael Garcia,MLS919959,FL-085481,(526) 498-9044,michael.garcia@cbunited.com,Century 21,FL,MFRMLS_FL,8097a272,TC7_exact_duplicate,5264989044.0,85481.0,michael garcia,michael.garcia@cbunited.com,century 21,michael,garcia,michael.garcia,cbunited.com,0,2
AGT00227,REC00372,REC00372,Jennifer Jackson,MLS672133,TX-087624,(316) 777-4273,jennifer.jackson@gmail.com,Century 21,TX,NTREIS_TX,e501dc73,TC7_exact_duplicate,3167774273.0,87624.0,jennifer jackson,jennifer.jackson@gmail.com,century 21,jennifer,jackson,jennifer.jackson,gmail.com,0,2
AGT00228,REC00374,REC00374,William Harris,MLS623557,TX98208,(909) 270-7703,william.harris@kw.com,Century 21,TX,NTREIS_TX,b21a78c0,TC7_exact_duplicate,9092707703.0,98208.0,william harris,william.harris@kw.com,century 21,william,harris,william.harris,kw.com,0,2
AGT00229,REC00375,REC00375,Jennifer Jones,MLS602514,88372,+15862758357,jennifer.jones@remax.com,Jones Realty,FL,BRIGHT_FL,8d31fb99,TC8_missing_fields,5862758357.0,88372.0,jennifer jones,jennifer.jones@remax.com,jones,jennifer,jones,jennifer.jones,remax.com,0,1
AGT00230,REC00376,REC00376,Barbara Williams,MLS778428,31802,+19874546816,barbara.williams@remax.com,Williams Realty,NC,NWMLS_NC,1117e12c,TC8_missing_fields,9874546816.0,31802.0,barbara williams,barbara.williams@remax.com,williams,barbara,williams,barbara.williams,remax.com,0,1
AGT00231,REC00377,REC00377,Robert Johnson,MLS685098,NC-077999,+14644279366,,Johnson Realty,NC,FLEX_NC,6f7690ed,TC8_missing_fields,4644279366.0,77999.0,robert johnson,,johnson,robert,johnson,,,1,1
AGT00232,REC00378,REC00378,Linda Jones,MLS536181,TX48722,225-694-2712,,Jones Realty,TX,SABOR_TX,d9cc2331,TC8_missing_fields,2256942712.0,48722.0,linda jones,,jones,linda,jones,,,1,1
AGT00233,REC00379,REC00379,James Miller,MLS559450,,6945568801,james.miller@kw.com,Miller Realty,NY,REBNY_NY,433daa6f,TC8_missing_fields,6945568801.0,,james miller,james.miller@kw.com,miller,james,miller,james.miller,kw.com,1,1
AGT00234,REC00380,REC00380,Michael Brown,MLS678719,,,michael.brown@coldwellbanker.com,Brown Realty,CA,CRMLS_CA,6f644230,TC8_missing_fields,,,michael brown,michael.brown@coldwellbanker.com,brown,michael,brown,michael.brown,coldwellbanker.com,2,1
AGT00235,REC00381,REC00381,Elizabeth White,MLS720970,,229-955-4232,elizabeth.white@realty.com,White Realty,FL,MFRMLS_FL,9e9adf8d,TC8_missing_fields,2299554232.0,,elizabeth white,elizabeth.white@realty.com,white,elizabeth,white,elizabeth.white,realty.com,1,1
AGT00236,REC00382,REC00382,Barbara Brown,MLS579776,35830,,barbara.brown@coldwellbanker.com,Brown Realty,NY,NYSMLS_NY,ecb338a9,TC8_missing_fields,,35830.0,barbara brown,barbara.brown@coldwellbanker.com,brown,barbara,brown,barbara.brown,coldwellbanker.com,1,1
AGT00237,REC00383,REC00383,Patricia Allen,,90918,556.560.8501,patricia.allen@yahoo.com,Allen Realty,NC,NWMLS_NC,de5aa1be,TC8_missing_fields,5565608501.0,90918.0,patricia allen,patricia.allen@yahoo.com,allen,patricia,allen,patricia.allen,yahoo.com,0,1
AGT00238,REC00384,REC00384,Robert Garcia,MLS538555,LIC-TX-60916,+19103449369,robert.garcia@outlook.com,Garcia Realty,TX,HAR_TX,e6a9d9dc,TC8_missing_fields,9103449369.0,60916.0,robert garcia,robert.garcia@outlook.com,garcia,robert,garcia,robert.garcia,outlook.com,0,1
AGT00239,REC00385,REC00385,Elizabeth Young,MLS429861,CA-34523,+17014953298,,Young Realty,CA,CRMLS_CA,125a381a,TC8_missing_fields,7014953298.0,34523.0,elizabeth young,,young,elizabeth,young,,,1,1
AGT00240,REC00386,REC00386,Patricia Young,,NY99744,8687067703,patricia.young@yahoo.com,Young Realty,NY,MLSLI_NY,1772f5f2,TC8_missing_fields,8687067703.0,99744.0,patricia young,patricia.young@yahoo.com,young,patricia,young,patricia.young,yahoo.com,0,1
AGT00241,REC00387,REC00387,William Young,MLS878586,84140,3729998492,william.young@yahoo.com,Young Realty,TX,SABOR_TX,62d6c5b7,TC8_missing_fields,3729998492.0,84140.0,william young,william.young@yahoo.com,young,william,young,william.young,yahoo.com,0,1
AGT00242,REC00388,REC00388,Linda Smith,,FL-023423,(759) 423-7965,,Smith Realty,FL,MFRMLS_FL,161dbada,TC8_missing_fields,7594237965.0,23423.0,linda smith,,smith,linda,smith,,,1,1
AGT00243,REC00389,REC00389,James Brown,,,+14149556744,,Brown Realty,CA,CRMLS_CA,c7921fb5,TC8_missing_fields,4149556744.0,,james brown,,brown,james,brown,,,2,1
AGT00244,REC00390,REC00390,Barbara Thomas,MLS439375,,487.811.9827,,Thomas Realty,NY,NYSMLS_NY,7f3057c9,TC8_missing_fields,4878119827.0,,barbara thomas,,thomas,barbara,thomas,,,2,1
AGT00245,REC00391,REC00391,Robert Jones,MLS361805,FL-027392,,robert.jones@realty.com,Jones Realty,FL,BRIGHT_FL,981b1167,TC8_missing_fields,,27392.0,robert jones,robert.jones@realty.com,jones,robert,jones,robert.jones,realty.com,1,1
AGT00246,REC00392,REC00392,Jennifer White,MLS640659,FL-62802,662.277.2525,jennifer.white@coldwellbanker.com,White Realty,FL,BRIGHT_FL,aa23fec2,TC8_missing_fields,6622772525.0,62802.0,jennifer white,jennifer.white@coldwellbanker.com,white,jennifer,white,jennifer.white,coldwellbanker.com,0,1
AGT00247,REC00393,REC00393,Robert Harris,MLS550513,38551,2647477516,,Harris Realty,TX,NTREIS_TX,65b4ef20,TC8_missing_fields,2647477516.0,38551.0,robert harris,,harris,robert,harris,,,1,1
AGT00248,REC00394,REC00394,Barbara Martin,MLS204411,TX16021,8989801793,,Martin Realty,TX,NTREIS_TX,35f714ee,TC8_missing_fields,8989801793.0,16021.0,barbara martin,,martin,barbara,martin,,,1,1
AGT00249,REC00395,REC00395,Patricia Miller,,CA45916,865.509.3604,,Miller Realty,CA,MATRIX_CA,0e675e1c,TC8_missing_fields,8655093604.0,45916.0,patricia miller,,miller,patricia,miller,,,1,1
AGT00250,REC00396,REC00396,Jennifer Davis,MLS323788,,(871) 293-2559,jennifer.davis@coldwellbanker.com,Davis Realty,FL,MFRMLS_FL,d203ba24,TC8_missing_fields,8712932559.0,,jennifer davis,jennifer.davis@coldwellbanker.com,davis,jennifer,davis,jennifer.davis,coldwellbanker.com,1,1
AGT00251,REC00397,REC00397,Patricia Jones,MLS866260,,272-434-7276,patricia.jones@kw.com,Jones Realty,FL,MFRMLS_FL,245d4931,TC8_missing_fields,2724347276.0,,patricia jones,patricia.jones@kw.com,jones,patricia,jones,patricia.jones,kw.com,1,1
AGT00252,REC00398,REC00398,Elizabeth Williams,MLS468247,NY-67684,(776) 208-3688,elizabeth.williams@coldwellbanker.com,Williams Realty,NY,REBNY_NY,62d17edf,TC8_missing_fields,7762083688.0,67684.0,elizabeth williams,elizabeth.williams@coldwellbanker.com,williams,elizabeth,williams,elizabeth.williams,coldwellbanker.com,0,1
AGT00253,REC00399,REC00399,Robert Allen,MLS359822,LIC-FL-28327,,,Allen Realty,FL,MIAMI_FL,620c3d39,TC8_missing_fields,,28327.0,robert allen,,allen,robert,allen,,,2,1
AGT00254,REC00400,REC00400,Thomas Taylor,,CA-34726,730-821-9348,thomas.taylor@realty.com,Taylor Realty,CA,MATRIX_CA,4c2b17c5,TC8_missing_fields,7308219348.0,34726.0,thomas taylor,thomas.taylor@realty.com,taylor,thomas,taylor,thomas.taylor,realty.com,0,1
AGT00255,REC00401,REC00401,Barbara Williams,,NY-27299,+12125696185,barbara.williams@outlook.com,Williams Realty,NY,REBNY_NY,8a6155a1,TC8_missing_fields,2125696185.0,27299.0,barbara williams,barbara.williams@outlook.com,williams,barbara,williams,barbara.williams,outlook.com,0,1
AGT00256,REC00402,REC00402,Thomas Wilson,MLS400404,CA-76402,+12402617520,thomas.wilson@remax.com,Wilson Realty,CA,MATRIX_CA,2cc1a732,TC8_missing_fields,2402617520.0,76402.0,thomas wilson,thomas.wilson@remax.com,wilson,thomas,wilson,thomas.wilson,remax.com,0,1
AGT00257,REC00403,REC00403,Barbara Jones,MLS313068,TX-77017,(285) 517-2294,barbara.jones@remax.com,Jones Realty,TX,SABOR_TX,b53d5050,TC8_missing_fields,2855172294.0,77017.0,barbara jones,barbara.jones@remax.com,jones,barbara,jones,barbara.jones,remax.com,0,1
AGT00258,REC00404,REC00404,William Smith,MLS742039,,288.644.2900,william.smith@outlook.com,Smith Realty,CA,MATRIX_CA,95fe5633,TC8_missing_fields,2886442900.0,,william smith,william.smith@outlook.com,smith,william,smith,william.smith,outlook.com,1,1
AGT00259,REC00405,REC00405,Thomas Garcia,MLS275073,43980,(555) 735-9474,thomasg@yahoo.com,Keller Williams,FL,MIAMI_FL,9311dcf3,TC9_different_agents,5557359474.0,43980.0,thomas garcia,thomasg@yahoo.com,keller williams,thomas,garcia,thomasg,yahoo.com,0,1
AGT00260,REC00406,REC00406,Patricia Wilson,MLS577309,LIC-NY-75031,265.469.2262,patricia.wilson@coldwellbanker.com,eXp Realty,NY,REBNY_NY,5ccdfad1,TC9_different_agents,2654692262.0,75031.0,patricia wilson,patricia.wilson@coldwellbanker.com,exp,patricia,wilson,patricia.wilson,coldwellbanker.com,0,1
AGT00261,REC00407,REC00407,Michael Garcia,MLS876764,LIC-TX-39937,991-305-2889,michael.garcia@gmail.com,RE/MAX,TX,NTREIS_TX,95a1dd09,TC9_different_agents,9913052889.0,39937.0,michael garcia,michael.garcia@gmail.com,remax,michael,garcia,michael.garcia,gmail.com,0,1
AGT00262,REC00408,REC00408,James Thomas,MLS942127,FL-082465,(353) 383-1579,jamest@realty.com,Coldwell Banker,FL,BRIGHT_FL,a8d6c0ca,TC9_different_agents,3533831579.0,82465.0,james thomas,jamest@realty.com,coldwell banker,james,thomas,jamest,realty.com,0,1
AGT00263,REC00409,REC00409,Michael Wilson,MLS806033,NC-75803,(785) 581-2956,mwilson@gmail.com,Coldwell Banker,NC,CRMLS_NC,eb031af7,TC9_different_agents,7855812956.0,75803.0,michael wilson,mwilson@gmail.com,coldwell banker,michael,wilson,mwilson,gmail.com,0,1
AGT00264,REC00410,REC00410,James Taylor,MLS486839,TX11044,535.288.8483,taylor.james@kw.com,eXp Realty,TX,NTREIS_TX,fbf61561,TC9_different_agents,5352888483.0,11044.0,james taylor,taylor.james@kw.com,exp,james,taylor,taylor.james,kw.com,0,1
AGT00265,REC00411,REC00411,James Thomas,MLS897423,NY81638,(705) 991-4201,james.thomas@remax.com,Keller Williams,NY,REBNY_NY,f878be27,TC9_different_agents,7059914201.0,81638.0,james thomas,james.thomas@remax.com,keller williams,james,thomas,james.thomas,remax.com,0,1
AGT00266,REC00412,REC00412,Linda Thomas,MLS208998,NC50306,+15432017164,lthomas@remax.com,Coldwell Banker,NC,CRMLS_NC,58591b4d,TC9_different_agents,5432017164.0,50306.0,linda thomas,lthomas@remax.com,coldwell banker,linda,thomas,lthomas,remax.com,0,1
AGT00267,REC00413,REC00413,Elizabeth Wilson,MLS834891,64140,2444379515,elizabeth.wilson@yahoo.com,eXp Realty,NC,CRMLS_NC,bef634c3,TC9_different_agents,2444379515.0,64140.0,elizabeth wilson,elizabeth.wilson@yahoo.com,exp,elizabeth,wilson,elizabeth.wilson,yahoo.com,0,1
AGT00268,REC00414,REC00414,Patricia Williams,MLS237057,NY96827,781.263.8126,patriciaw@cbunited.com,Coldwell Banker,NY,NYSMLS_NY,565bc5e9,TC9_different_agents,7812638126.0,96827.0,patricia williams,patriciaw@cbunited.com,coldwell banker,patricia,williams,patriciaw,cbunited.com,0,1
AGT00269,REC00415,REC00415,Michael Anderson,MLS242723,LIC-FL-36569,478-439-2223,manderson@yahoo.com,RE/MAX,FL,MIAMI_FL,c3df55e1,TC9_different_agents,4784392223.0,36569.0,michael anderson,manderson@yahoo.com,remax,michael,anderson,manderson,yahoo.com,0,1
AGT00270,REC00416,REC00416,James Anderson,MLS573869,37215,3237486870,jamesa@yahoo.com,Keller Williams,FL,MFRMLS_FL,66000e08,TC9_different_agents,3237486870.0,37215.0,james anderson,jamesa@yahoo.com,keller williams,james,anderson,jamesa,yahoo.com,0,1
AGT00271,REC00417,REC00417,Jennifer King,MLS845702,NC21955,420.535.3430,jennifer_king@gmail.com,Century 21,NC,NWMLS_NC,d61ba053,TC9_different_agents,4205353430.0,21955.0,jennifer king,jennifer_king@gmail.com,century 21,jennifer,king,jennifer_king,gmail.com,0,1
AGT00272,REC00418,REC00418,Elizabeth Johnson,MLS584487,FL-22415,(663) 769-5093,elizabeth.johnson@gmail.com,Keller Williams,FL,MFRMLS_FL,35fa64e8,TC9_different_agents,6637695093.0,22415.0,elizabeth johnson,elizabeth.johnson@gmail.com,keller williams,elizabeth,johnson,elizabeth.johnson,gmail.com,0,1
AGT00273,REC00419,REC00419,Elizabeth Miller,MLS714590,86326,581-902-2376,elizabeth.miller@yahoo.com,RE/MAX,FL,BRIGHT_FL,976a36a4,TC9_different_agents,5819022376.0,86326.0,elizabeth miller,elizabeth.miller@yahoo.com,remax,elizabeth,miller,elizabeth.miller,yahoo.com,0,1
AGT00274,REC00420,REC00420,James Jones,MLS153097,NC70423,+15393251699,james_jones@remax.com,Coldwell Banker,NC,CRMLS_NC,27c3070c,TC9_different_agents,5393251699.0,70423.0,james jones,james_jones@remax.com,coldwell banker,james,jones,james_jones,remax.com,0,1
AGT00275,REC00421,REC00421,Patricia White,MLS393448,CA-046042,(562) 419-4066,patricia.white@realty.com,Century 21,CA,NWMLS_CA,45fde2fd,TC9_different_agents,5624194066.0,46042.0,patricia white,patricia.white@realty.com,century 21,patricia,white,patricia.white,realty.com,0,1
AGT00276,REC00422,REC00422,Patricia Young,MLS243902,FL-060202,(262) 289-5583,young.patricia@realty.com,eXp Realty,FL,MFRMLS_FL,66356026,TC9_different_agents,2622895583.0,60202.0,patricia young,young.patricia@realty.com,exp,patricia,young,young.patricia,realty.com,0,1
AGT00277,REC00423,REC00423,Patricia Thomas,MLS626797,84141,7576966636,patriciat@outlook.com,Keller Williams,FL,MIAMI_FL,e2b961a9,TC9_different_agents,7576966636.0,84141.0,patricia thomas,patriciat@outlook.com,keller williams,patricia,thomas,patriciat,outlook.com,0,1
AGT00278,REC00424,REC00424,Barbara Davis,MLS655149,71824,+19974871959,bdavis@outlook.com,Keller Williams,NC,CRMLS_NC,2cada1a0,TC9_different_agents,9974871959.0,71824.0,barbara davis,bdavis@outlook.com,keller williams,barbara,davis,bdavis,outlook.com,0,1
AGT00279,REC00425,REC00425,William Wilson,MLS987624,NY-085457,954.257.4594,wwilson@outlook.com,RE/MAX,NY,NYSMLS_NY,bd503f5d,TC9_different_agents,9542574594.0,85457.0,william wilson,wwilson@outlook.com,remax,william,wilson,wwilson,outlook.com,0,1
AGT00280,REC00426,REC00426,Michael Thomas,MLS690984,NY84403,+12289206761,mthomas@coldwellbanker.com,eXp Realty,NY,MLSLI_NY,7f159dae,TC9_different_agents,2289206761.0,84403.0,michael thomas,mthomas@coldwellbanker.com,exp,michael,thomas,mthomas,coldwellbanker.com,0,1
AGT00281,REC00427,REC00427,Elizabeth Martin,MLS329437,NC-88861,+12922574811,elizabeth_martin@gmail.com,Century 21,NC,FLEX_NC,9a1cef10,TC9_different_agents,2922574811.0,88861.0,elizabeth martin,elizabeth_martin@gmail.com,century 21,elizabeth,martin,elizabeth_martin,gmail.com,0,1
AGT00282,REC00428,REC00428,William Jones,MLS122977,TX17806,+19343816301,wjones@yahoo.com,eXp Realty,TX,SABOR_TX,3e6353d2,TC9_different_agents,9343816301.0,17806.0,william jones,wjones@yahoo.com,exp,william,jones,wjones,yahoo.com,0,1
AGT00283,REC00429,REC00429,Robert Thomas,MLS438273,FL49552,(800) 303-6514,robert_thomas@coldwellbanker.com,Century 21,FL,MFRMLS_FL,cef5fc37,TC9_different_agents,8003036514.0,49552.0,robert thomas,robert_thomas@coldwellbanker.com,century 21,robert,thomas,robert_thomas,coldwellbanker.com,0,1
AGT00284,REC00430,REC00430,Linda King,MLS421727,59595,(428) 881-3872,lking@gmail.com,eXp Realty,TX,SABOR_TX,201bddfd,TC9_different_agents,4288813872.0,59595.0,linda king,lking@gmail.com,exp,linda,king,lking,gmail.com,0,1
AGT00285,REC00431,REC00431,Barbara Smith,MLS693022,CA-93839,8165254619,bsmith@cbunited.com,Keller Williams,CA,CRMLS_CA,909d7d35,TC9_different_agents,8165254619.0,93839.0,barbara smith,bsmith@cbunited.com,keller williams,barbara,smith,bsmith,cbunited.com,0,1
AGT00286,REC00432,REC00432,Michael Anderson,MLS111949,68540,(851) 290-6500,manderson@yahoo.com,Century 21,CA,NWMLS_CA,08d16607,TC9_different_agents,8512906500.0,68540.0,michael anderson,manderson@yahoo.com,century 21,michael,anderson,manderson,yahoo.com,0,1
AGT00287,REC00433,REC00433,Robert Johnson,MLS534130,NC-031802,5956487875,robertj@remax.com,Keller Williams,NC,NWMLS_NC,012d5306,TC9_different_agents,5956487875.0,31802.0,robert johnson,robertj@remax.com,keller williams,robert,johnson,robertj,remax.com,0,1
AGT00288,REC00434,REC00434,Barbara Davis,MLS121053,48654,662.275.1547,barbara.davis@yahoo.com,Century 21,CA,CRMLS_CA,e810e9af,TC9_different_agents,6622751547.0,48654.0,barbara davis,barbara.davis@yahoo.com,century 21,barbara,davis,barbara.davis,yahoo.com,0,1
AGT00289,REC00435,REC00435,Patricia Garcia,MLS743453,NC-087860,760-295-6536,patricia_garcia@outlook.com,eXp Realty,NC,NWMLS_NC,d8a8860c,TC9_different_agents,7602956536.0,87860.0,patricia garcia,patricia_garcia@outlook.com,exp,patricia,garcia,patricia_garcia,outlook.com,0,1
AGT00290,REC00436,REC00436,Elizabeth Smith,MLS831063,LIC-NC-63645,+15394104112,elizabeths@kw.com,Century 21,NC,CRMLS_NC,81a4e285,TC9_different_agents,5394104112.0,63645.0,elizabeth smith,elizabeths@kw.com,century 21,elizabeth,smith,elizabeths,kw.com,0,1
AGT00291,REC00437,REC00437,Robert Smith,MLS157152,30131,785-762-9043,robert_smith@yahoo.com,Century 21,FL,BRIGHT_FL,5e094eaf,TC9_different_agents,7857629043.0,30131.0,robert smith,robert_smith@yahoo.com,century 21,robert,smith,robert_smith,yahoo.com,0,1
AGT00292,REC00438,REC00438,Barbara Martin,MLS769191,32391,299-226-4390,barbara_martin@yahoo.com,Century 21,CA,NWMLS_CA,ee30e678,TC9_different_agents,2992264390.0,32391.0,barbara martin,barbara_martin@yahoo.com,century 21,barbara,martin,barbara_martin,yahoo.com,0,1
AGT00293,REC00439,REC00439,James Martin,MLS293862,60793,2938579914,jamesm@outlook.com,Coldwell Banker,TX,NTREIS_TX,c4088f2b,TC9_different_agents,2938579914.0,60793.0,james martin,jamesm@outlook.com,coldwell banker,james,martin,jamesm,outlook.com,0,1
AGT00294,REC00440,REC00440,Jennifer Harris,MLS164633,FL83956,469-431-5400,jennifer.harris@cbunited.com,eXp Realty,FL,MIAMI_FL,101c3db2,TC9_different_agents,4694315400.0,83956.0,jennifer harris,jennifer.harris@cbunited.com,exp,jennifer,harris,jennifer.harris,cbunited.com,0,1
AGT00295,REC00441,REC00441,Barbara Davis,MLS661527,NY-064870,+12625969561,bdavis@coldwellbanker.com,Century 21,NY,REBNY_NY,99fbb112,TC9_different_agents,2625969561.0,64870.0,barbara davis,bdavis@coldwellbanker.com,century 21,barbara,davis,bdavis,coldwellbanker.com,0,1
AGT00296,REC00442,REC00442,Patricia Smith,MLS893969,NY-025765,(784) 729-3415,psmith@realty.com,RE/MAX,NY,REBNY_NY,8582a4f5,TC9_different_agents,7847293415.0,25765.0,patricia smith,psmith@realty.com,remax,patricia,smith,psmith,realty.com,0,1
AGT00297,REC00443,REC00443,Thomas White,MLS255061,LIC-NC-92211,899.645.4308,thomasw@yahoo.com,Keller Williams,NC,NWMLS_NC,c74d298c,TC9_different_agents,8996454308.0,92211.0,thomas white,thomasw@yahoo.com,keller williams,thomas,white,thomasw,yahoo.com,0,1
AGT00298,REC00444,REC00444,Linda Jackson,MLS112964,LIC-NY-70051,+15334829514,jackson.linda@remax.com,Keller Williams,NY,MLSLI_NY,a20c8c3f,TC9_different_agents,5334829514.0,70051.0,linda jackson,jackson.linda@remax.com,keller williams,linda,jackson,jackson.linda,remax.com,0,1
AGT00299,REC00445,REC00445,Elizabeth Jones,MLS690016,NY-23845,802.796.2641,jones.elizabeth@cbunited.com,Coldwell Banker,NY,MLSLI_NY,c5849093,TC9_different_agents,8027962641.0,23845.0,elizabeth jones,jones.elizabeth@cbunited.com,coldwell banker,elizabeth,jones,jones.elizabeth,cbunited.com,0,1
AGT00300,REC00446,REC00446,Patricia Martin,MLS388792,NY-032570,(823) 684-1613,martin.patricia@remax.com,Keller Williams,NY,MLSLI_NY,2a8b3224,TC9_different_agents,8236841613.0,32570.0,patricia martin,martin.patricia@remax.com,keller williams,patricia,martin,martin.patricia,remax.com,0,1
AGT00301,REC00447,REC00447,Michael Davis,MLS121215,58816,963.686.5400,michaeld@kw.com,Coldwell Banker,NC,FLEX_NC,e907fe50,TC9_different_agents,9636865400.0,58816.0,michael davis,michaeld@kw.com,coldwell banker,michael,davis,michaeld,kw.com,0,1
AGT00302,REC00448,REC00448,Robert Davis,MLS382507,CA-052056,+15079618259,robert.davis@realty.com,Coldwell Banker,CA,CRMLS_CA,4cd8c4e5,TC9_different_agents,5079618259.0,52056.0,robert davis,robert.davis@realty.com,coldwell banker,robert,davis,robert.davis,realty.com,0,1
AGT00303,REC00449,REC00449,Patricia Martin,MLS168804,30836,+15822579442,patricia_martin@outlook.com,eXp Realty,NY,NYSMLS_NY,040fe1f5,TC9_different_agents,5822579442.0,30836.0,patricia martin,patricia_martin@outlook.com,exp,patricia,martin,patricia_martin,outlook.com,0,1
AGT00304,REC00450,REC00450,Thomas Garcia,MLS578621,CA-14334,405.259.5087,tgarcia@kw.com,Century 21,CA,NWMLS_CA,44d9f5d5,TC9_different_agents,4052595087.0,14334.0,thomas garcia,tgarcia@kw.com,century 21,thomas,garcia,tgarcia,kw.com,0,1
AGT00305,REC00451,REC00451,Linda Jackson,MLS612530,LIC-NC-58819,8972314963,ljackson@coldwellbanker.com,eXp Realty,NC,FLEX_NC,04cc7a2b,TC9_different_agents,8972314963.0,58819.0,linda jackson,ljackson@coldwellbanker.com,exp,linda,jackson,ljackson,coldwellbanker.com,0,1
AGT00306,REC00452,REC00452,Michael Thomas,MLS128783,CA-047364,464-966-2480,mthomas@realty.com,RE/MAX,CA,MATRIX_CA,000dacf5,TC9_different_agents,4649662480.0,47364.0,michael thomas,mthomas@realty.com,remax,michael,thomas,mthomas,realty.com,0,1
AGT00307,REC00453,REC00453,William Miller,MLS918207,TX-12628,8676199409,wmiller@outlook.com,eXp Realty,TX,NTREIS_TX,0f36950b,TC9_different_agents,8676199409.0,12628.0,william miller,wmiller@outlook.com,exp,william,miller,wmiller,outlook.com,0,1
AGT00308,REC00454,REC00454,William Wilson,MLS494763,65549,5129295511,williamw@realty.com,Coldwell Banker,NY,MLSLI_NY,4766ebcf,TC9_different_agents,5129295511.0,65549.0,william wilson,williamw@realty.com,coldwell banker,william,wilson,williamw,realty.com,0,1
AGT00309,REC00455,REC00455,Linda King,MLS794530,77045,+17983041120,king.linda@kw.com,Century 21,FL,BRIGHT_FL,c578d16e,TC9_different_agents,7983041120.0,77045.0,linda king,king.linda@kw.com,century 21,linda,king,king.linda,kw.com,0,1
AGT00310,REC00456,REC00456,Robert Martin,MLS373832,46291,(544) 483-6327,rmartin@realty.com,Keller Williams,NC,FLEX_NC,f9c6692f,TC9_different_agents,5444836327.0,46291.0,robert martin,rmartin@realty.com,keller williams,robert,martin,rmartin,realty.com,0,1
AGT00311,REC00457,REC00457,Patricia Anderson,MLS372028,CA-048745,9382269148,patricia_anderson@gmail.com,eXp Realty,CA,MATRIX_CA,cb648486,TC9_different_agents,9382269148.0,48745.0,patricia anderson,patricia_anderson@gmail.com,exp,patricia,anderson,patricia_anderson,gmail.com,0,1
AGT00312,REC00458,REC00458,Barbara Miller,MLS660605,TX-099957,943.930.4643,miller.barbara@kw.com,RE/MAX,TX,HAR_TX,f48d91dd,TC9_different_agents,9439304643.0,99957.0,barbara miller,miller.barbara@kw.com,remax,barbara,miller,miller.barbara,kw.com,0,1
AGT00313,REC00459,REC00459,Linda Garcia,MLS860413,LIC-TX-43902,(299) 682-3096,lindag@yahoo.com,RE/MAX,TX,SABOR_TX,f9b9dcc2,TC9_different_agents,2996823096.0,43902.0,linda garcia,lindag@yahoo.com,remax,linda,garcia,lindag,yahoo.com,0,1
AGT00314,REC00460,REC00460,William Taylor,MLS408334,FL-086751,539-580-5269,william_taylor@gmail.com,eXp Realty,FL,BRIGHT_FL,10548eee,TC9_different_agents,5395805269.0,86751.0,william taylor,william_taylor@gmail.com,exp,william,taylor,william_taylor,gmail.com,0,1
AGT00315,REC00461,REC00461,Barbara Williams,MLS500209,LIC-FL-99220,399.712.2963,barbara_williams@gmail.com,RE/MAX,FL,MFRMLS_FL,bbf3adb0,TC9_different_agents,3997122963.0,99220.0,barbara williams,barbara_williams@gmail.com,remax,barbara,williams,barbara_williams,gmail.com,0,1
AGT00316,REC00462,REC00462,William Anderson,MLS850432,FL51469,783-668-3346,william_anderson@cbunited.com,RE/MAX,FL,MIAMI_FL,598b40af,TC9_different_agents,7836683346.0,51469.0,william anderson,william_anderson@cbunited.com,remax,william,anderson,william_anderson,cbunited.com,0,1
AGT00317,REC00463,REC00463,Thomas Johnson,MLS901619,FL85534,4804143762,thomas.johnson@outlook.com,eXp Realty,FL,MIAMI_FL,a7443fd6,TC9_different_agents,4804143762.0,85534.0,thomas johnson,thomas.johnson@outlook.com,exp,thomas,johnson,thomas.johnson,outlook.com,0,1
AGT00318,REC00464,REC00464,Patricia Jackson,MLS659711,FL14944,688.592.1076,patricia.jackson@cbunited.com,eXp Realty,FL,MFRMLS_FL,4f65f94d,TC9_different_agents,6885921076.0,14944.0,patricia jackson,patricia.jackson@cbunited.com,exp,patricia,jackson,patricia.jackson,cbunited.com,0,1
AGT00319,REC00465,REC00465,Thomas Johnson,MLS235193,CA-50906,4319106641,johnson.thomas@kw.com,RE/MAX,CA,CRMLS_CA,3dec995f,TC9_different_agents,4319106641.0,50906.0,thomas johnson,johnson.thomas@kw.com,remax,thomas,johnson,johnson.thomas,kw.com,0,1
AGT00320,REC00466,REC00466,Thomas Taylor,MLS649577,88167,6669459524,ttaylor@cbunited.com,Coldwell Banker,TX,SABOR_TX,fc31ea03,TC9_different_agents,6669459524.0,88167.0,thomas taylor,ttaylor@cbunited.com,coldwell banker,thomas,taylor,ttaylor,cbunited.com,0,1
AGT00321,REC00467,REC00467,William Garcia,MLS321449,FL-27197,+12194334675,garcia.william@outlook.com,Keller Williams,FL,MIAMI_FL,393949d5,TC9_different_agents,2194334675.0,27197.0,william garcia,garcia.william@outlook.com,keller williams,william,garcia,garcia.william,outlook.com,0,1
AGT00322,REC00468,REC00468,Thomas Jackson,MLS150290,TX-87846,989-747-1796,thomas.jackson@yahoo.com,Coldwell Banker,TX,SABOR_TX,1bc52912,TC9_different_agents,9897471796.0,87846.0,thomas jackson,thomas.jackson@yahoo.com,coldwell banker,thomas,jackson,thomas.jackson,yahoo.com,0,1
AGT00323,REC00469,REC00469,Patricia Brown,MLS828961,NY-36934,458.685.3508,patricia_brown@yahoo.com,eXp Realty,NY,MLSLI_NY,f1836d49,TC9_different_agents,4586853508.0,36934.0,patricia brown,patricia_brown@yahoo.com,exp,patricia,brown,patricia_brown,yahoo.com,0,1
AGT00324,REC00470,REC00470,Barbara King,MLS223453,90962,628-307-9381,barbara.king@coldwellbanker.com,RE/MAX,CA,MATRIX_CA,2e3646d3,TC9_different_agents,6283079381.0,90962.0,barbara king,barbara.king@coldwellbanker.com,remax,barbara,king,barbara.king,coldwellbanker.com,0,1
AGT00325,REC00471,REC00471,William Wilson,MLS268163,NY-48712,+14065667713,william_wilson@realty.com,Coldwell Banker,NY,MLSLI_NY,5b09ff21,TC9_different_agents,4065667713.0,48712.0,william wilson,william_wilson@realty.com,coldwell banker,william,wilson,william_wilson,realty.com,0,1
AGT00326,REC00472,REC00472,William Johnson,MLS801520,NC-085255,(887) 291-2809,william.johnson@yahoo.com,Keller Williams,NC,NWMLS_NC,69727934,TC9_different_agents,8872912809.0,85255.0,william johnson,william.johnson@yahoo.com,keller williams,william,johnson,william.johnson,yahoo.com,0,1
AGT00327,REC00473,REC00473,William Harris,MLS952679,TX23082,470-675-1820,williamh@cbunited.com,Century 21,TX,SABOR_TX,f59e5278,TC9_different_agents,4706751820.0,23082.0,william harris,williamh@cbunited.com,century 21,william,harris,williamh,cbunited.com,0,1
AGT00328,REC00474,REC00474,Robert Brown,MLS474894,NC-053078,+12093413793,robertb@yahoo.com,Century 21,NC,NWMLS_NC,bb2d1658,TC9_different_agents,2093413793.0,53078.0,robert brown,robertb@yahoo.com,century 21,robert,brown,robertb,yahoo.com,0,1
AGT00329,REC00475,REC00475,Elizabeth Brown,MLS823415,FL-060556,6096675453,ebrown@yahoo.com,RE/MAX,FL,BRIGHT_FL,924bac05,TC9_different_agents,6096675453.0,60556.0,elizabeth brown,ebrown@yahoo.com,remax,elizabeth,brown,ebrown,yahoo.com,0,1
AGT00330,REC00476,REC00476,Thomas Garcia,MLS811346,NC-084572,(626) 804-8908,garcia.thomas@remax.com,Century 21,NC,FLEX_NC,1c5dee93,TC9_different_agents,6268048908.0,84572.0,thomas garcia,garcia.thomas@remax.com,century 21,thomas,garcia,garcia.thomas,remax.com,0,1
AGT00331,REC00477,REC00477,Thomas Jones,MLS148205,FL-67761,699.315.7738,thomasj@gmail.com,eXp Realty,FL,BRIGHT_FL,ff23ed0b,TC9_different_agents,6993157738.0,67761.0,thomas jones,thomasj@gmail.com,exp,thomas,jones,thomasj,gmail.com,0,1
AGT00332,REC00478,REC00478,Barbara Allen,MLS821673,LIC-CA-78564,885-546-9504,barbara_allen@realty.com,Coldwell Banker,CA,NWMLS_CA,64bdcc97,TC9_different_agents,8855469504.0,78564.0,barbara allen,barbara_allen@realty.com,coldwell banker,barbara,allen,barbara_allen,realty.com,0,1
AGT00333,REC00479,REC00479,Patricia Jones,MLS264550,LIC-NY-94331,8272551190,patricia_jones@outlook.com,Keller Williams,NY,MLSLI_NY,98ae74e1,TC9_different_agents,8272551190.0,94331.0,patricia jones,patricia_jones@outlook.com,keller williams,patricia,jones,patricia_jones,outlook.com,0,1
AGT00334,REC00480,REC00480,Michael Davis,MLS677236,TX-039190,4842519305,mdavis@yahoo.com,Coldwell Banker,TX,SABOR_TX,7f72426f,TC9_different_agents,4842519305.0,39190.0,michael davis,mdavis@yahoo.com,coldwell banker,michael,davis,mdavis,yahoo.com,0,1
AGT00335,REC00481,REC00481,Barbara Harris,MLS621533,NC-25559,710-657-6178,barbara_harris@remax.com,Keller Williams,NC,FLEX_NC,3dc2efca,TC9_different_agents,7106576178.0,25559.0,barbara harris,barbara_harris@remax.com,keller williams,barbara,harris,barbara_harris,remax.com,0,1
AGT00336,REC00482,REC00482,Linda Johnson,MLS689648,NC76628,8188335990,lindaj@cbunited.com,Keller Williams,NC,CRMLS_NC,8115ee10,TC9_different_agents,8188335990.0,76628.0,linda johnson,lindaj@cbunited.com,keller williams,linda,johnson,lindaj,cbunited.com,0,1
AGT00337,REC00483,REC00483,James Anderson,MLS480941,NY-096136,985-834-8751,james.anderson@realty.com,Keller Williams,NY,MLSLI_NY,7d22ed07,TC9_different_agents,9858348751.0,96136.0,james anderson,james.anderson@realty.com,keller williams,james,anderson,james.anderson,realty.com,0,1
AGT00338,REC00484,REC00484,Michael Taylor,MLS272129,NY-016000,(734) 582-2741,michael_taylor@yahoo.com,Century 21,NY,NYSMLS_NY,ec78a5f8,TC9_different_agents,7345822741.0,16000.0,michael taylor,michael_taylor@yahoo.com,century 21,michael,taylor,michael_taylor,yahoo.com,0,1
AGT00339,REC00485,REC00485,William Miller,MLS851606,34979,602-420-8488,william_miller@gmail.com,eXp Realty,NC,CRMLS_NC,ce564ad6,TC9_different_agents,6024208488.0,34979.0,william miller,william_miller@gmail.com,exp,william,miller,william_miller,gmail.com,0,1
AGT00340,REC00486,REC00486,James Harris,MLS656127,NY-10568,+17163379172,james_harris@coldwellbanker.com,eXp Realty,NY,REBNY_NY,b8039f1b,TC9_different_agents,7163379172.0,10568.0,james harris,james_harris@coldwellbanker.com,exp,james,harris,james_harris,coldwellbanker.com,0,1
AGT00341,REC00487,REC00487,Barbara Garcia,MLS503348,CA-076074,+13065966273,bgarcia@kw.com,Coldwell Banker,CA,NWMLS_CA,5543595c,TC9_different_agents,3065966273.0,76074.0,barbara garcia,bgarcia@kw.com,coldwell banker,barbara,garcia,bgarcia,kw.com,0,1
AGT00342,REC00488,REC00488,Jennifer Harris,MLS984027,LIC-CA-49179,341.622.9393,harris.jennifer@realty.com,RE/MAX,CA,CRMLS_CA,ced7e1f9,TC9_different_agents,3416229393.0,49179.0,jennifer harris,harris.jennifer@realty.com,remax,jennifer,harris,harris.jennifer,realty.com,0,1
AGT00343,REC00489,REC00489,Barbara Taylor,MLS668843,76046,888-335-3913,barbarat@coldwellbanker.com,eXp Realty,TX,HAR_TX,e37c30b1,TC9_different_agents,8883353913.0,76046.0,barbara taylor,barbarat@coldwellbanker.com,exp,barbara,taylor,barbarat,coldwellbanker.com,0,1
AGT00344,REC00490,REC00490,Patricia Young,MLS126499,TX-023955,(632) 213-9564,patricia.young@gmail.com,RE/MAX,TX,SABOR_TX,0681d3ab,TC9_different_agents,6322139564.0,23955.0,patricia young,patricia.young@gmail.com,remax,patricia,young,patricia.young,gmail.com,0,1
AGT00345,REC00491,REC00491,Elizabeth Taylor,MLS890200,LIC-TX-36738,349-263-5835,elizabetht@coldwellbanker.com,Keller Williams,TX,HAR_TX,c55b3689,TC9_different_agents,3492635835.0,36738.0,elizabeth taylor,elizabetht@coldwellbanker.com,keller williams,elizabeth,taylor,elizabetht,coldwellbanker.com,0,1
AGT00346,REC00492,REC00492,Linda Davis,MLS826596,NY-47701,5984439370,linda_davis@remax.com,Century 21,NY,NYSMLS_NY,01930867,TC9_different_agents,5984439370.0,47701.0,linda davis,linda_davis@remax.com,century 21,linda,davis,linda_davis,remax.com,0,1
AGT00347,REC00493,REC00493,Thomas Johnson,MLS764575,39563,+14078358259,johnson.thomas@realty.com,RE/MAX,TX,SABOR_TX,14196cae,TC9_different_agents,4078358259.0,39563.0,thomas johnson,johnson.thomas@realty.com,remax,thomas,johnson,johnson.thomas,realty.com,0,1
AGT00348,REC00494,REC00494,James Garcia,MLS495521,NC-25643,3913779418,jamesg@kw.com,RE/MAX,NC,CRMLS_NC,009281f3,TC9_different_agents,3913779418.0,25643.0,james garcia,jamesg@kw.com,remax,james,garcia,jamesg,kw.com,0,1
AGT00349,REC00495,REC00495,Barbara Wilson,MLS261169,15235,+15386773536,barbara.wilson@kw.com,Coldwell Banker,NC,FLEX_NC,0f6b1888,TC9_different_agents,5386773536.0,15235.0,barbara wilson,barbara.wilson@kw.com,coldwell banker,barbara,wilson,barbara.wilson,kw.com,0,1
AGT00350,REC00496,REC00496,Linda Thomas,MLS292800,LIC-NC-38830,924-525-9608,thomas.linda@outlook.com,Coldwell Banker,NC,FLEX_NC,ed36fda5,TC9_different_agents,9245259608.0,38830.0,linda thomas,thomas.linda@outlook.com,coldwell banker,linda,thomas,thomas.linda,outlook.com,0,1
AGT00351,REC00497,REC00497,Linda Jackson,MLS448005,96944,557.426.4495,lindaj@realty.com,eXp Realty,NC,FLEX_NC,9e8f83c1,TC9_different_agents,5574264495.0,96944.0,linda jackson,lindaj@realty.com,exp,linda,jackson,lindaj,realty.com,0,1
AGT00352,REC00498,REC00498,James Young,MLS352023,LIC-NC-68414,+13178846668,jyoung@gmail.com,Century 21,NC,NWMLS_NC,a40a921a,TC9_different_agents,3178846668.0,68414.0,james young,jyoung@gmail.com,century 21,james,young,jyoung,gmail.com,0,1
AGT00353,REC00499,REC00499,Robert Jackson,MLS641975,13238,+17539415633,jackson.robert@coldwellbanker.com,Coldwell Banker,TX,NTREIS_TX,df94c17f,TC9_different_agents,7539415633.0,13238.0,robert jackson,jackson.robert@coldwellbanker.com,coldwell banker,robert,jackson,jackson.robert,coldwellbanker.com,0,1
AGT00354,REC00500,REC00500,Jennifer Miller,MLS910883,LIC-TX-31940,+17262842572,jennifer.miller@yahoo.com,RE/MAX,TX,HAR_TX,5a552c1d,TC9_different_agents,7262842572.0,31940.0,jennifer miller,jennifer.miller@yahoo.com,remax,jennifer,miller,jennifer.miller,yahoo.com,0,1
AGT00355,REC00501,REC00501,William White,MLS956429,NC-94746,(410) 750-8130,william.white@coldwellbanker.com,Century 21,NC,CRMLS_NC,f62a77f3,TC9_different_agents,4107508130.0,94746.0,william white,william.white@coldwellbanker.com,century 21,william,white,william.white,coldwellbanker.com,0,1
AGT00356,REC00502,REC00502,Robert Williams,MLS961530,NC85361,382.457.2154,robert_williams@remax.com,Coldwell Banker,NC,FLEX_NC,234c0d9b,TC9_different_agents,3824572154.0,85361.0,robert williams,robert_williams@remax.com,coldwell banker,robert,williams,robert_williams,remax.com,0,1
AGT00357,REC00503,REC00503,Patricia White,MLS106185,LIC-TX-80101,217-598-2938,white.patricia@gmail.com,Keller Williams,TX,SABOR_TX,40beaa73,TC9_different_agents,2175982938.0,80101.0,patricia white,white.patricia@gmail.com,keller williams,patricia,white,white.patricia,gmail.com,0,1
AGT00358,REC00504,REC00504,Linda Brown,MLS902448,TX-046899,9025082417,linda_brown@gmail.com,Coldwell Banker,TX,NTREIS_TX,e2f00317,TC9_different_agents,9025082417.0,46899.0,linda brown,linda_brown@gmail.com,coldwell banker,linda,brown,linda_brown,gmail.com,0,1
